id,name,x,y,z
1,F_9-10,1983,1115,-291.0
2,F_L4_H_9-8,2449,825,-291.0
3,L4_H_F_9-1,2089,1942,-291.0
4,L4_H_F_9-11,2249,1132,-291.0
5,L4_H_F_9-12,2345,891,-291.0
6,L4_H_F_9-13,2777,813,-291.0
7,L4_H_F_9-14,2728,731,-291.0
8,L4_H_F_9-15,2630,682,-291.0
9,L4_H_F_9-16,2588,550,-291.0
10,L4_H_F_9-17,1616,587,-291.0
11,L4_H_F_9-18,1581,720,-291.0
12,L4_H_F_9-19,1488,780,-291.0
13,L4_H_F_9-2,2105,573,-291.0
14,L4_H_F_9-20,1460,821,-291.0
15,L4_H_F_9-21,1463,873,-291.0
16,L4_H_F_9-22,2778,771,-291.0
17,L4_H_F_9-23,2843,766,-291.0
18,L4_H_F_9-24,1393,808,-291.0
19,L4_H_F_9-25,1514,1697,-291.0
20,L4_H_F_9-26,1428,1656,-291.0
21,L4_H_F_9-27,1474,1622,-291.0
22,L4_H_F_9-28,2548,1846,-291.0
23,L4_H_F_9-29,2178,1912,-291.0
24,L4_H_F_9-3,2120,678,-291.0
25,L4_H_F_9-30,1943,1875,-291.0
26,L4_H_F_9-31,2649,1706,-291.0
27,L4_H_F_9-32,2509,904,-291.0
28,L4_H_F_9-33,1671,929,-291.0
29,L4_H_F_9-34,1639,737,-291.0
30,L4_H_F_9-35,2540,718,-291.0
31,L4_H_F_9-36,2767,1678,-291.0
32,L4_H_F_9-37,1571,1781,-291.0
33,L4_H_F_9-4,2070,804,-291.0
34,L4_H_F_9-5,2151,808,-291.0
35,L4_H_F_9-6,1945,744,-291.0
36,L4_H_F_9-7,2262,727,-291.0
37,L4_H_F_9-9,1790,888,-291.0
38,mL1-L2-1,2121,2004,-201.0
39,mL1-L2-10,1245,1442,-201.0
40,mL1-L2-11,1447,1729,-201.0
41,mL1-L2-12,1471,1702,-201.0
42,mL1-L2-13,1271,1414,-201.0
43,mL1-L2-14,1138,1106,-201.0
44,mL1-L2-15,1163,1105,-201.0
45,mL1-L2-16,1159,1029,-201.0
46,mL1-L2-17,1139,1011,-201.0
47,mL1-L2-18,1250,716,-201.0
48,mL1-L2-19,1271,733,-201.0
49,mL1-L2-2,2086,437,-201.0
50,mL1-L2-20,1341,659,-201.0
51,mL1-L2-21,1327,647,-201.0
52,mL1-L2-22,1282,673,-201.0
53,mL1-L2-23,1548,584,-201.0
54,mL1-L2-24,1622,597,-201.0
55,mL1-L2-26,1628,560,-201.0
56,mL1-L2-27,1571,559,-201.0
57,mL1-L2-28,2073,481,-201.0
58,mL1-L2-29,2115,479,-201.0
59,mL1-L2-3,1543,1875,-201.0
60,mL1-L2-30,1951,677,-201.0
61,mL1-L2-31,1932,799,-201.0
62,mL1-L2-32,1912,931,-201.0
63,mL1-L2-33,1936,987,-201.0
64,mL1-L2-34,2058,1056,-201.0
65,mL1-L2-35,2154,1044,-201.0
66,mL1-L2-36,2188,1024,-201.0
67,mL1-L2-37,2233,987,-201.0
68,mL1-L2-38,2233,793,-201.0
69,mL1-L2-39,2209,678,-201.0
70,mL1-L2-4,1518,1825,-201.0
71,mL1-L2-40,2157,456,-201.0
72,mL1-L2-41,2011,455,-201.0
73,mL1-L2-42,2431,296,-201.0
74,mL1-L2-43,1746,312,-201.0
75,mL1-L2-44,2614,558,-201.0
76,mL1-L2-45,2625,585,-201.0
77,mL1-L2-46,2557,592,-201.0
78,mL1-L2-47,2544,577,-201.0
79,mL1-L2-48,2307,729,-201.0
80,mL1-L2-49,2365,772,-201.0
81,mL1-L2-5,1572,1817,-201.0
82,mL1-L2-50,1488,484,-201.0
83,mL1-L2-51,1535,414,-201.0
84,mL1-L2-52,1710,739,-201.0
85,mL1-L2-53,1873,725,-201.0
86,mL1-L2-54,2821,671,-201.0
87,mL1-L2-55,2844,658,-201.0
88,mL1-L2-56,2917,739,-201.0
89,mL1-L2-57,2889,745,-201.0
90,mL1-L2-58,3001,1029,-201.0
91,mL1-L2-59,3037,1030,-201.0
92,mL1-L2-6,1790,1883,-201.0
93,mL1-L2-60,3030,1114,-201.0
94,mL1-L2-61,2992,1122,-201.0
95,mL1-L2-62,2960,1449,-201.0
96,mL1-L2-63,2923,1434,-201.0
97,mL1-L2-64,2883,1643,-201.0
98,mL1-L2-65,2859,1592,-201.0
99,mL1-L2-66,1077,941,-201.0
100,mL1-L2-67,1193,754,-201.0
101,mL1-L2-68,1222,772,-201.0
102,mL1-L2-69,3037,858,-201.0
103,mL1-L2-7,2719,1828,-201.0
104,mL1-L2-70,2950,756,-201.0
105,mL1-L2-71,2932,775,-201.0
106,mL1-L2-72,1348,567,-201.0
107,mL1-L2-73,2716,493,-201.0
108,mL1-L2-74,2856,628,-201.0
109,mL1-L2-75,1259,1362,-201.0
110,mL1-L2-76,1206,1320,-201.0
111,mL1-L2-77,1392,606,-201.0
112,mL1-L2-78,2971,1284,-201.0
113,mL1-L2-79,2915,1383,-201.0
114,mL1-L2-8,2674,1810,-201.0
115,mL1-L2-80,2940,1344,-201.0
116,mL1-L2-81,2875,680,-201.0
117,mL1-L2-9,2460,1891,-201.0
118,mL1_H-1,2127,1999,-187.0
119,mL1_H-10,1089,1049,-187.0
120,mL1_H-100,1158,1037,-187.0
121,mL1_H-101,1189,849,-187.0
122,mL1_H-102,2984,1253,-187.0
123,mL1_H-103,2958,841,-187.0
124,mL1_H-11,1132,1050,-187.0
125,mL1_H-12,1171,1340,-187.0
126,mL1_H-13,1209,1433,-187.0
127,mL1_H-14,1241,1565,-187.0
128,mL1_H-15,1548,1827,-187.0
129,mL1_H-16,3063,1008,-187.0
130,mL1_H-17,3024,1035,-187.0
131,mL1_H-18,3010,1341,-187.0
132,mL1_H-19,2994,1431,-187.0
133,mL1_H-2,2078,401,-187.0
134,mL1_H-20,2948,1590,-187.0
135,mL1_H-21,2859,1712,-187.0
136,mL1_H-22,2827,1733,-187.0
137,mL1_H-23,2783,1754,-187.0
138,mL1_H-24,2770,1730,-187.0
139,mL1_H-25,2806,1711,-187.0
140,mL1_H-26,2841,1659,-187.0
141,mL1_H-27,2876,1603,-187.0
142,mL1_H-28,2917,1560,-187.0
143,mL1_H-29,1299,1557,-187.0
144,mL1_H-3,1844,1904,-187.0
145,mL1_H-30,1121,1004,-187.0
146,mL1_H-31,1768,307,-187.0
147,mL1_H-32,1494,445,-187.0
148,mL1_H-33,1463,477,-187.0
149,mL1_H-34,1397,560,-187.0
150,mL1_H-35,1293,639,-187.0
151,mL1_H-36,1273,673,-187.0
152,mL1_H-37,1231,726,-187.0
153,mL1_H-38,1165,869,-187.0
154,mL1_H-39,1154,906,-187.0
155,mL1_H-4,1587,1838,-187.0
156,mL1_H-40,1396,595,-187.0
157,mL1_H-41,1310,661,-187.0
158,mL1_H-42,1150,1001,-187.0
159,mL1_H-43,3030,922,-187.0
160,mL1_H-44,2424,318,-187.0
161,mL1_H-45,2635,419,-187.0
162,mL1_H-46,2822,603,-187.0
163,mL1_H-47,2859,655,-187.0
164,mL1_H-48,2982,828,-187.0
165,mL1_H-49,2077,488,-187.0
166,mL1_H-5,1518,1840,-187.0
167,mL1_H-50,2075,615,-187.0
168,mL1_H-51,2136,649,-187.0
169,mL1_H-52,2222,606,-187.0
170,mL1_H-53,2148,441,-187.0
171,mL1_H-54,2658,471,-187.0
172,mL1_H-56,2545,544,-187.0
173,mL1_H-57,2431,579,-187.0
174,mL1_H-58,2333,634,-187.0
175,mL1_H-59,2021,445,-187.0
176,mL1_H-6,1545,1879,-187.0
177,mL1_H-60,2026,647,-187.0
178,mL1_H-61,1936,619,-187.0
179,mL1_H-62,1825,625,-187.0
180,mL1_H-63,1745,596,-187.0
181,mL1_H-64,1671,559,-187.0
182,mL1_H-65,1614,572,-187.0
183,mL1_H-66,1465,558,-187.0
184,mL1_H-67,2617,576,-187.0
185,mL1_H-68,2710,552,-187.0
186,mL1_H-69,2542,576,-187.0
187,mL1_H-7,2421,1902,-187.0
188,mL1_H-70,1933,925,-187.0
189,mL1_H-71,2047,1028,-187.0
190,mL1_H-72,2132,1014,-187.0
191,mL1_H-73,2194,971,-187.0
192,mL1_H-74,2216,922,-187.0
193,mL1_H-75,2221,709,-187.0
194,mL1_H-76,1913,888,-187.0
195,mL1_H-77,1852,663,-187.0
196,mL1_H-78,1702,638,-187.0
197,mL1_H-8,2716,1806,-187.0
198,mL1_H-80,1769,732,-187.0
199,mL1_H-81,2338,722,-187.0
200,mL1_H-82,2445,618,-187.0
201,mL1_H-83,1679,600,-187.0
202,mL1_H-84,1565,584,-187.0
203,mL1_H-85,1189,1232,-187.0
204,mL1_H-86,1238,1349,-187.0
205,mL1_H-87,1198,1319,-187.0
206,mL1_H-88,1246,1412,-187.0
207,mL1_H-89,1525,1788,-187.0
208,mL1_H-9,2709,1852,-187.0
209,mL1_H-90,1447,1679,-187.0
210,mL1_H-91,2932,1359,-187.0
211,mL1_H-92,2950,1421,-187.0
212,mL1_H-93,2980,1305,-187.0
213,mL1_H-94,3002,1014,-187.0
214,mL1_H-95,3001,911,-187.0
215,mL1_H-96,2857,684,-187.0
216,mL1_H-97,2749,576,-187.0
217,mL1_H-98,1472,1801,-187.0
218,mL1_H-99,1178,1264,-187.0
219,mL1_L-1,2129,1999,-194.0
220,mL1_L-10,2712,1847,-194.0
221,mL1_L-100,1389,1565,-194.0
222,mL1_L-101,1344,1491,-194.0
223,mL1_L-102,1269,1392,-194.0
224,mL1_L-103,1247,1356,-194.0
225,mL1_L-104,1544,607,-194.0
226,mL1_L-105,1372,625,-194.0
227,mL1_L-106,1174,936,-194.0
228,mL1_L-107,1159,976,-194.0
229,mL1_L-108,1157,1039,-194.0
230,mL1_L-109,1166,1102,-194.0
231,mL1_L-11,1089,1064,-194.0
232,mL1_L-110,1191,1278,-194.0
233,mL1_L-111,1299,1460,-194.0
234,mL1_L-112,1346,1591,-194.0
235,mL1_L-113,1289,1486,-194.0
236,mL1_L-114,1471,499,-194.0
237,mL1_L-115,2711,562,-194.0
238,mL1_L-116,1526,1778,-194.0
239,mL1_L-117,1468,1719,-194.0
240,mL1_L-118,1441,1749,-194.0
241,mL1_L-119,1503,1789,-194.0
242,mL1_L-12,1128,1039,-194.0
243,mL1_L-120,1394,1686,-194.0
244,mL1_L-121,1345,1627,-194.0
245,mL1_L-13,1137,1063,-194.0
246,mL1_L-14,1187,1377,-194.0
247,mL1_L-15,1225,1470,-194.0
248,mL1_L-16,1240,1520,-194.0
249,mL1_L-17,1301,1641,-194.0
250,mL1_L-18,1398,1733,-194.0
251,mL1_L-19,2826,1702,-194.0
252,mL1_L-2,2087,388,-194.0
253,mL1_L-20,2901,1648,-194.0
254,mL1_L-21,2896,1616,-194.0
255,mL1_L-22,2939,1606,-194.0
256,mL1_L-23,2977,1456,-194.0
257,mL1_L-24,2992,1376,-194.0
258,mL1_L-25,3034,1063,-194.0
259,mL1_L-26,3043,1039,-194.0
260,mL1_L-27,3085,1039,-194.0
261,mL1_L-28,1807,317,-194.0
262,mL1_L-29,1549,398,-194.0
263,mL1_L-3,1542,1874,-194.0
264,mL1_L-30,1446,462,-194.0
265,mL1_L-31,1332,590,-194.0
266,mL1_L-32,1263,673,-194.0
267,mL1_L-33,1271,706,-194.0
268,mL1_L-34,1176,869,-194.0
269,mL1_L-35,1130,978,-194.0
270,mL1_L-36,2400,313,-194.0
271,mL1_L-37,2658,434,-194.0
272,mL1_L-38,2850,636,-194.0
273,mL1_L-39,2895,703,-194.0
274,mL1_L-4,1516,1828,-194.0
275,mL1_L-40,2932,754,-194.0
276,mL1_L-41,3031,971,-194.0
277,mL1_L-42,2084,501,-194.0
278,mL1_L-43,1995,641,-194.0
279,mL1_L-44,1937,700,-194.0
280,mL1_L-45,1841,657,-194.0
281,mL1_L-46,2023,433,-194.0
282,mL1_L-47,1387,588,-194.0
283,mL1_L-48,1606,586,-194.0
284,mL1_L-49,1588,548,-194.0
285,mL1_L-5,1551,1815,-194.0
286,mL1_L-50,1723,591,-194.0
287,mL1_L-51,1908,727,-194.0
288,mL1_L-52,1932,794,-194.0
289,mL1_L-53,1917,912,-194.0
290,mL1_L-54,1661,620,-194.0
291,mL1_L-55,1661,595,-194.0
292,mL1_L-56,2141,443,-194.0
293,mL1_L-57,2132,656,-194.0
294,mL1_L-58,2211,686,-194.0
295,mL1_L-59,2271,700,-194.0
296,mL1_L-6,1805,1889,-194.0
297,mL1_L-60,2321,645,-194.0
298,mL1_L-61,2661,465,-194.0
299,mL1_L-62,2645,521,-194.0
300,mL1_L-63,2565,555,-194.0
301,mL1_L-64,2475,563,-194.0
302,mL1_L-65,2481,583,-194.0
303,mL1_L-66,2516,597,-194.0
304,mL1_L-67,2346,763,-194.0
305,mL1_L-68,2237,949,-194.0
306,mL1_L-69,2207,765,-194.0
307,mL1_L-7,2445,1897,-194.0
308,mL1_L-70,2240,713,-194.0
309,mL1_L-71,1728,721,-194.0
310,mL1_L-72,1862,698,-194.0
311,mL1_L-73,2210,981,-194.0
312,mL1_L-74,2140,1031,-194.0
313,mL1_L-75,2059,1047,-194.0
314,mL1_L-76,1945,964,-194.0
315,mL1_L-77,2088,1081,-194.0
316,mL1_L-78,2066,1122,-194.0
317,mL1_L-79,2188,1070,-194.0
318,mL1_L-8,2699,1804,-194.0
319,mL1_L-80,2013,749,-194.0
320,mL1_L-81,2136,760,-194.0
321,mL1_L-82,2139,693,-194.0
322,mL1_L-83,2009,703,-194.0
323,mL1_L-84,2915,1402,-194.0
324,mL1_L-85,2947,1341,-194.0
325,mL1_L-86,2627,583,-194.0
326,mL1_L-87,2665,569,-194.0
327,mL1_L-88,2798,638,-194.0
328,mL1_L-89,2873,717,-194.0
329,mL1_L-9,2725,1811,-194.0
330,mL1_L-90,3006,986,-194.0
331,mL1_L-91,3001,1074,-194.0
332,mL1_L-92,2966,1350,-194.0
333,mL1_L-93,2913,1443,-194.0
334,mL1_L-94,2895,1515,-194.0
335,mL1_L-95,2841,1621,-194.0
336,mL1_L-96,2809,1657,-194.0
337,mL1_L-97,2627,1794,-194.0
338,mL1_L-98,1510,1718,-194.0
339,mL1_L-99,1432,1621,-194.0
340,mL2-L3-1,2091,516,-237.0
341,mL2-L3-10,2154,479,-237.0
342,mL2-L3-11,1645,400,-237.0
343,mL2-L3-12,1204,768,-237.0
344,mL2-L3-13,1297,751,-237.0
345,mL2-L3-14,1407,680,-237.0
346,mL2-L3-15,1424,701,-237.0
347,mL2-L3-16,1471,663,-237.0
348,mL2-L3-17,1602,659,-237.0
349,mL2-L3-18,2601,611,-237.0
350,mL2-L3-19,2603,422,-237.0
351,mL2-L3-2,2104,1989,-237.0
352,mL2-L3-20,2921,710,-237.0
353,mL2-L3-21,2782,662,-237.0
354,mL2-L3-22,2714,624,-237.0
355,mL2-L3-23,2957,985,-237.0
356,mL2-L3-24,2976,983,-237.0
357,mL2-L3-25,2998,1038,-237.0
358,mL2-L3-26,2978,1033,-237.0
359,mL2-L3-27,1199,1010,-237.0
360,mL2-L3-28,1226,1008,-237.0
361,mL2-L3-29,1245,905,-237.0
362,mL2-L3-3,1939,878,-237.0
363,mL2-L3-30,1209,894,-237.0
364,mL2-L3-31,1519,574,-237.0
365,mL2-L3-32,2629,558,-237.0
366,mL2-L3-33,2507,854,-237.0
367,mL2-L3-34,1683,843,-237.0
368,mL2-L3-35,1865,735,-237.0
369,mL2-L3-36,2275,778,-237.0
370,mL2-L3-37,1676,1823,-237.0
371,mL2-L3-38,1600,1805,-237.0
372,mL2-L3-39,1390,1665,-237.0
373,mL2-L3-4,1950,1062,-237.0
374,mL2-L3-40,1403,1644,-237.0
375,mL2-L3-41,1241,1074,-237.0
376,mL2-L3-42,2827,1615,-237.0
377,mL2-L3-43,2652,1791,-237.0
378,mL2-L3-44,2570,1807,-237.0
379,mL2-L3-45,1786,718,-237.0
380,mL2-L3-46,1952,719,-237.0
381,mL2-L3-47,2844,1649,-237.0
382,mL2-L3-48,2234,698,-237.0
383,mL2-L3-49,1494,1792,-237.0
384,mL2-L3-5,2255,1091,-237.0
385,mL2-L3-50,2691,1808,-237.0
386,mL2-L3-6,2269,852,-237.0
387,mL2-L3-7,2233,761,-237.0
388,mL2-L3-8,1980,769,-237.0
389,mL2-L3-9,2019,480,-237.0
390,mL2_H-1,2129,1997,-223.0
391,mL2_H-10,2236,851,-223.0
392,mL2_H-11,2227,1032,-223.0
393,mL2_H-12,2174,1079,-223.0
394,mL2_H-13,2083,1090,-223.0
395,mL2_H-14,2002,1044,-223.0
396,mL2_H-15,1965,1001,-223.0
397,mL2_H-16,1569,631,-223.0
398,mL2_H-17,2601,607,-223.0
399,mL2_H-18,2679,605,-223.0
400,mL2_H-19,2726,618,-223.0
401,mL2_H-2,2083,499,-223.0
402,mL2_H-20,2703,633,-223.0
403,mL2_H-21,1541,615,-223.0
404,mL2_H-22,1454,628,-223.0
405,mL2_H-23,1477,644,-223.0
406,mL2_H-24,1716,333,-223.0
407,mL2_H-25,2454,306,-223.0
408,mL2_H-26,2637,517,-223.0
409,mL2_H-27,1541,479,-223.0
410,mL2_H-28,1237,777,-223.0
411,mL2_H-29,1190,871,-223.0
412,mL2_H-3,2028,740,-223.0
413,mL2_H-30,1231,878,-223.0
414,mL2_H-31,1269,790,-223.0
415,mL2_H-32,1172,1193,-223.0
416,mL2_H-33,1215,1186,-223.0
417,mL2_H-34,1198,1309,-223.0
418,mL2_H-35,1239,1302,-223.0
419,mL2_H-36,1276,1516,-223.0
420,mL2_H-37,1298,1502,-223.0
421,mL2_H-38,1302,1542,-223.0
422,mL2_H-39,1319,1531,-223.0
423,mL2_H-4,2165,736,-223.0
424,mL2_H-40,1587,1806,-223.0
425,mL2_H-41,1714,1847,-223.0
426,mL2_H-42,2534,1849,-223.0
427,mL2_H-43,2666,1801,-223.0
428,mL2_H-44,2705,1811,-223.0
429,mL2_H-45,1502,1819,-223.0
430,mL2_H-46,2467,822,-223.0
431,mL2_H-47,2261,780,-223.0
432,mL2_H-48,1856,741,-223.0
433,mL2_H-49,1685,803,-223.0
434,mL2_H-5,2241,694,-223.0
435,mL2_H-50,2814,651,-223.0
436,mL2_H-51,1301,686,-223.0
437,mL2_H-52,2939,1367,-223.0
438,mL2_H-53,2973,1333,-223.0
439,mL2_H-54,2993,1221,-223.0
440,mL2_H-55,2959,1230,-223.0
441,mL2_H-56,2958,1083,-223.0
442,mL2_H-57,2975,915,-223.0
443,mL2_H-58,2944,917,-223.0
444,mL2_H-59,2913,819,-223.0
445,mL2_H-6,1942,668,-223.0
446,mL2_H-60,2932,812,-223.0
447,mL2_H-61,1945,801,-223.0
448,mL2_H-62,2240,1000,-223.0
449,mL2_H-63,2246,918,-223.0
450,mL2_H-64,2190,663,-223.0
451,mL2_H-65,2142,690,-223.0
452,mL2_H-66,2043,688,-223.0
453,mL2_H-67,2023,644,-223.0
454,mL2_H-68,2028,455,-223.0
455,mL2_H-69,2125,449,-223.0
456,mL2_H-7,2385,666,-223.0
457,mL2_H-70,1185,812,-223.0
458,mL2_H-71,2985,773,-223.0
459,mL2_H-8,1787,699,-223.0
460,mL2_H-9,1955,913,-223.0
461,mL2_L-1,2101,1995,-230.0
462,mL2_L-10,1693,822,-230.0
463,mL2_L-11,1842,759,-230.0
464,mL2_L-12,1966,863,-230.0
465,mL2_L-13,1955,886,-230.0
466,mL2_L-14,1959,1036,-230.0
467,mL2_L-15,2080,1128,-230.0
468,mL2_L-16,2251,1052,-230.0
469,mL2_L-17,2251,854,-230.0
470,mL2_L-18,1970,780,-230.0
471,mL2_L-19,2228,756,-230.0
472,mL2_L-2,2093,590,-230.0
473,mL2_L-20,1509,1808,-230.0
474,mL2_L-21,1980,746,-230.0
475,mL2_L-22,2214,722,-230.0
476,mL2_L-23,2162,479,-230.0
477,mL2_L-24,2020,470,-230.0
478,mL2_L-25,2699,1808,-230.0
479,mL2_L-26,2634,515,-230.0
480,mL2_L-27,2820,676,-230.0
481,mL2_L-28,2953,733,-230.0
482,mL2_L-29,1266,740,-230.0
483,mL2_L-3,2085,516,-230.0
484,mL2_L-30,1191,777,-230.0
485,mL2_L-31,1174,1207,-230.0
486,mL2_L-32,1203,949,-230.0
487,mL2_L-33,1232,911,-230.0
488,mL2_L-34,1234,828,-230.0
489,mL2_L-35,1249,844,-230.0
490,mL2_L-36,1419,658,-230.0
491,mL2_L-37,1441,674,-230.0
492,mL2_L-38,1502,620,-230.0
493,mL2_L-39,1533,521,-230.0
494,mL2_L-4,1711,344,-230.0
495,mL2_L-40,2955,892,-230.0
496,mL2_L-41,2932,897,-230.0
497,mL2_L-42,2990,985,-230.0
498,mL2_L-43,2954,971,-230.0
499,mL2_L-44,1844,1893,-230.0
500,mL2_L-45,2409,1889,-230.0
501,mL2_L-46,1281,1452,-230.0
502,mL2_L-47,1263,1475,-230.0
503,mL2_L-48,1215,1314,-230.0
504,mL2_L-49,1271,1364,-230.0
505,mL2_L-5,2519,341,-230.0
506,mL2_L-50,1237,1118,-230.0
507,mL2_L-51,2950,1024,-230.0
508,mL2_L-52,1377,1615,-230.0
509,mL2_L-53,1395,1675,-230.0
510,mL2_L-54,1240,1282,-230.0
511,mL2_L-55,2852,1646,-230.0
512,mL2_L-56,2860,1560,-230.0
513,mL2_L-57,2956,1190,-230.0
514,mL2_L-58,3012,1186,-230.0
515,mL2_L-59,2264,802,-230.0
516,mL2_L-6,1569,654,-230.0
517,mL2_L-60,1933,815,-230.0
518,mL2_L-61,2591,1825,-230.0
519,mL2_L-62,1654,1834,-230.0
520,mL2_L-63,2904,1492,-230.0
521,mL2_L-64,2924,1545,-230.0
522,mL2_L-65,2780,657,-230.0
523,mL2_L-66,1366,666,-230.0
524,mL2_L-7,2609,598,-230.0
525,mL2_L-8,2492,849,-230.0
526,mL2_L-9,2321,757,-230.0
527,mL3-L4-1,2093,1946,-275.0
528,mL3-L4-10,1647,924,-275.0
529,mL3-L4-11,1660,746,-275.0
530,mL3-L4-12,2556,694,-275.0
531,mL3-L4-13,2694,705,-275.0
532,mL3-L4-14,2854,700,-275.0
533,mL3-L4-15,2786,715,-275.0
534,mL3-L4-16,2832,844,-275.0
535,mL3-L4-17,2948,893,-275.0
536,mL3-L4-18,2689,1741,-275.0
537,mL3-L4-19,2761,1697,-275.0
538,mL3-L4-2,2093,562,-275.0
539,mL3-L4-20,2747,1624,-275.0
540,mL3-L4-21,2592,601,-275.0
541,mL3-L4-22,1597,643,-275.0
542,mL3-L4-23,1353,731,-275.0
543,mL3-L4-24,1417,759,-275.0
544,mL3-L4-25,1257,941,-275.0
545,mL3-L4-27,1513,1716,-275.0
546,mL3-L4-28,1416,1656,-275.0
547,mL3-L4-29,1433,1590,-275.0
548,mL3-L4-3,1963,826,-275.0
549,mL3-L4-30,2385,843,-275.0
550,mL3-L4-31,1833,849,-275.0
551,mL3-L4-32,1949,879,-275.0
552,mL3-L4-33,2312,864,-275.0
553,mL3-L4-34,2525,1777,-275.0
554,mL3-L4-35,2620,1829,-275.0
555,mL3-L4-36,1694,1774,-275.0
556,mL3-L4-37,1576,1801,-275.0
557,mL3-L4-38,1482,808,-275.0
558,mL3-L4-39,2736,765,-275.0
559,mL3-L4-4,2251,812,-275.0
560,mL3-L4-40,1539,742,-275.0
561,mL3-L4-41,2014,484,-275.0
562,mL3-L4-42,2148,495,-275.0
563,mL3-L4-5,2270,920,-275.0
564,mL3-L4-6,1956,944,-275.0
565,mL3-L4-7,1994,1154,-275.0
566,mL3-L4-8,2256,1140,-275.0
567,mL3-L4-9,2470,877,-275.0
568,mL3_H-1,2101,1973,-255.0
569,mL3_H-10,1618,699,-255.0
570,mL3_H-11,2576,645,-255.0
571,mL3_H-12,2614,562,-255.0
572,mL3_H-13,1562,574,-255.0
573,mL3_H-14,1708,873,-255.0
574,mL3_H-15,2502,876,-255.0
575,mL3_H-16,1993,1084,-255.0
576,mL3_H-17,2243,1078,-255.0
577,mL3_H-18,1787,800,-255.0
578,mL3_H-19,2449,745,-255.0
579,mL3_H-2,2081,536,-255.0
580,mL3_H-20,1613,1772,-255.0
581,mL3_H-21,1554,1755,-255.0
582,mL3_H-22,1434,1636,-255.0
583,mL3_H-23,1403,1659,-255.0
584,mL3_H-24,1336,926,-255.0
585,mL3_H-25,1223,1118,-255.0
586,mL3_H-26,2260,854,-255.0
587,mL3_H-27,1971,868,-255.0
588,mL3_H-28,2138,488,-255.0
589,mL3_H-29,2021,478,-255.0
590,mL3_H-3,1960,681,-255.0
591,mL3_H-30,2631,1756,-255.0
592,mL3_H-31,2670,1758,-255.0
593,mL3_H-32,2810,1676,-255.0
594,mL3_H-33,2782,1640,-255.0
595,mL3_H-34,2850,877,-255.0
596,mL3_H-35,2743,676,-255.0
597,mL3_H-36,2778,656,-255.0
598,mL3_H-37,2716,661,-255.0
599,mL3_H-38,2647,650,-255.0
600,mL3_H-39,1509,1770,-255.0
601,mL3_H-4,2253,668,-255.0
602,mL3_H-40,2701,1785,-255.0
603,mL3_H-41,2906,680,-255.0
604,mL3_H-42,1371,766,-255.0
605,mL3_H-43,1513,685,-255.0
606,mL3_H-5,2071,792,-255.0
607,mL3_H-6,2137,782,-255.0
608,mL3_H-7,2084,604,-255.0
609,mL3_H-8,1314,739,-255.0
610,mL3_H-9,1387,734,-255.0
611,mL3_L-1,2094,1957,-268.0
612,mL3_L-10,2026,489,-268.0
613,mL3_L-11,1544,718,-268.0
614,mL3_L-12,2642,672,-268.0
615,mL3_L-13,2556,681,-268.0
616,mL3_L-14,1641,724,-268.0
617,mL3_L-15,1679,898,-268.0
618,mL3_L-16,2467,871,-268.0
619,mL3_L-17,2788,806,-268.0
620,mL3_L-18,2692,698,-268.0
621,mL3_L-19,2756,695,-268.0
622,mL3_L-2,2089,582,-268.0
623,mL3_L-20,2876,682,-268.0
624,mL3_L-21,1347,718,-268.0
625,mL3_L-22,1430,737,-268.0
626,mL3_L-23,1422,772,-268.0
627,mL3_L-24,1278,1083,-268.0
628,mL3_L-25,1216,1088,-268.0
629,mL3_L-26,2780,1620,-268.0
630,mL3_L-27,2791,1671,-268.0
631,mL3_L-28,1411,1662,-268.0
632,mL3_L-29,1449,1635,-268.0
633,mL3_L-3,2227,812,-268.0
634,mL3_L-30,1297,1404,-268.0
635,mL3_L-31,1276,1488,-268.0
636,mL3_L-32,1490,781,-268.0
637,mL3_L-33,2725,736,-268.0
638,mL3_L-34,2184,765,-268.0
639,mL3_L-35,2023,766,-268.0
640,mL3_L-36,1955,878,-268.0
641,mL3_L-37,2290,849,-268.0
642,mL3_L-38,1586,1736,-268.0
643,mL3_L-39,1492,1705,-268.0
644,mL3_L-4,1991,818,-268.0
645,mL3_L-40,2698,1743,-268.0
646,mL3_L-41,2638,1824,-268.0
647,mL3_L-42,2596,1760,-268.0
648,mL3_L-43,1552,1797,-268.0
649,mL3_L-44,1618,524,-268.0
650,mL3_L-45,2592,508,-268.0
651,mL3_L-5,1970,914,-268.0
652,mL3_L-6,2247,898,-268.0
653,mL3_L-7,2263,1108,-268.0
654,mL3_L-8,1989,1135,-268.0
655,mL3_L-9,2163,492,-268.0
656,mL4-L5-1,2087,595,-313.0
657,mL4-L5-10,2305,974,-313.0
658,mL4-L5-11,1503,1684,-313.0
659,mL4-L5-12,1659,1822,-313.0
660,mL4-L5-13,2562,1810,-313.0
661,mL4-L5-14,2670,1704,-313.0
662,mL4-L5-15,2573,1708,-313.0
663,mL4-L5-16,1789,1789,-313.0
664,mL4-L5-17,1338,921,-313.0
665,mL4-L5-18,1452,840,-313.0
666,mL4-L5-19,1411,914,-313.0
667,mL4-L5-2,1927,800,-313.0
668,mL4-L5-20,1356,1003,-313.0
669,mL4-L5-21,2798,834,-313.0
670,mL4-L5-22,2618,667,-313.0
671,mL4-L5-23,2591,618,-313.0
672,mL4-L5-24,2530,697,-313.0
673,mL4-L5-25,1602,730,-313.0
674,mL4-L5-26,1637,650,-313.0
675,mL4-L5-27,1690,754,-313.0
676,mL4-L5-28,2256,461,-313.0
677,mL4-L5-29,1881,488,-313.0
678,mL4-L5-3,2290,783,-313.0
679,mL4-L5-30,1825,908,-313.0
680,mL4-L5-31,2426,894,-313.0
681,mL4-L5-32,2816,874,-313.0
682,mL4-L5-33,2891,978,-313.0
683,mL4-L5-34,2780,1505,-313.0
684,mL4-L5-35,2753,1651,-313.0
685,mL4-L5-36,1448,1671,-313.0
686,mL4-L5-37,1431,1483,-313.0
687,mL4-L5-4,2294,888,-313.0
688,mL4-L5-5,1950,895,-313.0
689,mL4-L5-6,2092,1929,-313.0
690,mL4-L5-7,1948,977,-313.0
691,mL4-L5-8,1983,1171,-313.0
692,mL4-L5-9,2282,1150,-313.0
693,mL4_H-38,1976,485,-291.0
694,mL4_H-39,2214,490,-291.0
695,mL4_L-1,2100,1926,-306.0
696,mL4_L-10,2718,1586,-306.0
697,mL4_L-11,2766,1637,-306.0
698,mL4_L-12,2861,895,-306.0
699,mL4_L-13,2785,798,-306.0
700,mL4_L-14,2631,672,-306.0
701,mL4_L-15,2595,611,-306.0
702,mL4_L-16,2582,669,-306.0
703,mL4_L-17,1635,717,-306.0
704,mL4_L-18,1635,625,-306.0
705,mL4_L-19,1577,729,-306.0
706,mL4_L-2,2095,615,-306.0
707,mL4_L-20,1426,849,-306.0
708,mL4_L-21,1454,1558,-306.0
709,mL4_L-22,1435,1656,-306.0
710,mL4_L-23,1350,880,-306.0
711,mL4_L-24,1401,928,-306.0
712,mL4_L-25,1773,919,-306.0
713,mL4_L-26,2463,889,-306.0
714,mL4_L-27,1965,839,-306.0
715,mL4_L-28,2266,827,-306.0
716,mL4_L-29,2267,950,-306.0
717,mL4_L-3,1627,1799,-306.0
718,mL4_L-30,1958,965,-306.0
719,mL4_L-31,1981,1141,-306.0
720,mL4_L-32,2266,1141,-306.0
721,mL4_L-33,2248,455,-306.0
722,mL4_L-34,1897,463,-306.0
723,mL4_L-35,1419,891,-306.0
724,mL4_L-36,2797,851,-306.0
725,mL4_L-37,1855,915,-306.0
726,mL4_L-38,2350,899,-306.0
727,mL4_L-4,1502,1684,-306.0
728,mL4_L-5,1799,1806,-306.0
729,mL4_L-6,2585,1717,-306.0
730,mL4_L-7,2608,1786,-306.0
731,mL4_L-8,2656,1733,-306.0
732,mL4_L-9,2690,1698,-306.0
733,mL5-S1-1,2102,1853,-354.0
734,mL5-S1-10,2463,560,-354.0
735,mL5-S1-11,3023,1146,-354.0
736,mL5-S1-12,2992,1198,-354.0
737,mL5-S1-13,2932,1198,-354.0
738,mL5-S1-14,2440,844,-354.0
739,mL5-S1-15,2313,1023,-354.0
740,mL5-S1-16,2283,1094,-354.0
741,mL5-S1-17,1962,1092,-354.0
742,mL5-S1-18,1920,1016,-354.0
743,mL5-S1-19,1266,1287,-354.0
744,mL5-S1-2,2090,576,-354.0
745,mL5-S1-20,1628,1728,-354.0
746,mL5-S1-21,2551,1737,-354.0
747,mL5-S1-22,2626,1629,-354.0
748,mL5-S1-23,1578,1670,-354.0
749,mL5-S1-24,1769,897,-354.0
750,mL5-S1-25,1915,777,-354.0
751,mL5-S1-26,2265,735,-354.0
752,mL5-S1-27,2344,754,-354.0
753,mL5-S1-28,1847,800,-354.0
754,mL5-S1-29,2619,1113,-354.0
755,mL5-S1-3,2088,506,-354.0
756,mL5-S1-30,2469,988,-354.0
757,mL5-S1-31,1781,995,-354.0
758,mL5-S1-32,1588,1119,-354.0
759,mL5-S1-33,1165,1194,-354.0
760,mL5-S1-34,1497,1641,-354.0
761,mL5-S1-35,2768,1571,-354.0
762,mL5-S1-36,2746,1482,-354.0
763,mL5-S1-37,1478,1515,-354.0
764,mL5-S1-38,2638,562,-354.0
765,mL5-S1-39,1837,634,-354.0
766,mL5-S1-4,1724,621,-354.0
767,mL5-S1-40,2352,626,-354.0
768,mL5-S1-41,1727,897,-354.0
769,mL5-S1-42,2476,844,-354.0
770,mL5-S1-43,1821,923,-354.0
771,mL5-S1-44,2409,863,-354.0
772,mL5-S1-5,1783,565,-354.0
773,mL5-S1-6,1555,598,-354.0
774,mL5-S1-7,1832,523,-354.0
775,mL5-S1-8,2333,486,-354.0
776,mL5-S1-9,2369,528,-354.0
777,mL5_H-1,2092,1907,-328.0
778,mL5_H-10,2649,1689,-328.0
779,mL5_H-11,2576,1687,-328.0
780,mL5_H-12,2589,1770,-328.0
781,mL5_H-13,2730,1646,-328.0
782,mL5_H-14,2786,1485,-328.0
783,mL5_H-15,2914,1027,-328.0
784,mL5_H-16,2919,955,-328.0
785,mL5_H-17,2563,697,-328.0
786,mL5_H-18,2493,703,-328.0
787,mL5_H-19,1718,751,-328.0
788,mL5_H-2,1604,1765,-328.0
789,mL5_H-20,1645,731,-328.0
790,mL5_H-21,1812,943,-328.0
791,mL5_H-22,1977,1116,-328.0
792,mL5_H-23,2283,1116,-328.0
793,mL5_H-24,2429,912,-328.0
794,mL5_H-25,2110,760,-328.0
795,mL5_H-26,2098,620,-328.0
796,mL5_H-27,2305,479,-328.0
797,mL5_H-28,1873,502,-328.0
798,mL5_H-29,1928,822,-328.0
799,mL5_H-3,1289,995,-328.0
800,mL5_H-30,2292,817,-328.0
801,mL5_H-31,2437,867,-328.0
802,mL5_H-32,1788,880,-328.0
803,mL5_H-33,1306,1192,-328.0
804,mL5_H-34,2930,1098,-328.0
805,mL5_H-35,1689,715,-328.0
806,mL5_H-36,2515,664,-328.0
807,mL5_H-37,2689,1600,-328.0
808,mL5_H-4,1250,1127,-328.0
809,mL5_H-5,1306,1091,-328.0
810,mL5_H-6,1419,1451,-328.0
811,mL5_H-7,1473,1654,-328.0
812,mL5_H-8,1702,1718,-328.0
813,mL5_H-9,1541,1694,-328.0
814,mL5_L-1,2101,1877,-342.0
815,mL5_L-10,2473,596,-342.0
816,mL5_L-11,2989,992,-342.0
817,mL5_L-12,2924,1126,-342.0
818,mL5_L-13,1604,1734,-342.0
819,mL5_L-14,1482,1648,-342.0
820,mL5_L-15,1613,1677,-342.0
821,mL5_L-16,1535,1633,-342.0
822,mL5_L-17,1444,1473,-342.0
823,mL5_L-18,1233,1229,-342.0
824,mL5_L-19,2999,1122,-342.0
825,mL5_L-2,2087,617,-342.0
826,mL5_L-20,2723,1624,-342.0
827,mL5_L-21,2663,1618,-342.0
828,mL5_L-22,1568,1691,-342.0
829,mL5_L-23,2633,1667,-342.0
830,mL5_L-24,2563,1749,-342.0
831,mL5_L-25,2569,1661,-342.0
832,mL5_L-26,1909,758,-342.0
833,mL5_L-27,1839,529,-342.0
834,mL5_L-28,2313,490,-342.0
835,mL5_L-29,2308,775,-342.0
836,mL5_L-3,1765,623,-342.0
837,mL5_L-30,2286,989,-342.0
838,mL5_L-31,2262,1084,-342.0
839,mL5_L-32,1982,1096,-342.0
840,mL5_L-33,1923,992,-342.0
841,mL5_L-34,2324,849,-342.0
842,mL5_L-35,1904,869,-342.0
843,mL5_L-36,1862,849,-342.0
844,mL5_L-37,2350,830,-342.0
845,mL5_L-38,2778,1450,-342.0
846,mL5_L-4,1711,639,-342.0
847,mL5_L-5,1189,1115,-342.0
848,mL5_L-6,1297,1199,-342.0
849,mL5_L-7,1827,902,-342.0
850,mL5_L-8,2385,856,-342.0
851,mL5_L-9,2418,568,-342.0
852,mT10-T11-1,2118,1846,-102.0
853,mT10-T11-10,1932,820,-102.0
854,mT10-T11-100,1567,481,-102.0
855,mT10-T11-101,1335,657,-102.0
856,mT10-T11-102,2846,1555,-102.0
857,mT10-T11-103,2891,1499,-102.0
858,mT10-T11-104,2716,557,-102.0
859,mT10-T11-105,2759,598,-102.0
860,mT10-T11-106,1906,801,-102.0
861,mT10-T11-107,2117,1817,-102.0
862,mT10-T11-108,1604,1741,-102.0
863,mT10-T11-109,2577,1750,-102.0
864,mT10-T11-11,1919,723,-102.0
865,mT10-T11-110,2444,508,-102.0
866,mT10-T11-12,2192,792,-102.0
867,mT10-T11-13,2199,721,-102.0
868,mT10-T11-14,2206,568,-102.0
869,mT10-T11-15,1913,555,-102.0
870,mT10-T11-16,2134,1110,-102.0
871,mT10-T11-17,2100,1036,-102.0
872,mT10-T11-18,2124,1012,-102.0
873,mT10-T11-19,2222,775,-102.0
874,mT10-T11-2,2049,461,-102.0
875,mT10-T11-20,2718,587,-102.0
876,mT10-T11-21,2136,972,-102.0
877,mT10-T11-22,2192,914,-102.0
878,mT10-T11-23,1945,1876,-102.0
879,mT10-T11-24,1900,1864,-102.0
880,mT10-T11-25,1847,1860,-102.0
881,mT10-T11-26,1723,1838,-102.0
882,mT10-T11-27,1668,1838,-102.0
883,mT10-T11-28,1576,1826,-102.0
884,mT10-T11-29,1468,1762,-102.0
885,mT10-T11-3,2052,353,-102.0
886,mT10-T11-30,1766,1773,-102.0
887,mT10-T11-31,1864,1781,-102.0
888,mT10-T11-32,1920,1795,-102.0
889,mT10-T11-33,1996,1798,-102.0
890,mT10-T11-34,2231,1828,-102.0
891,mT10-T11-35,2260,1872,-102.0
892,mT10-T11-36,2358,1877,-102.0
893,mT10-T11-37,2417,1840,-102.0
894,mT10-T11-38,2382,1780,-102.0
895,mT10-T11-39,2307,1791,-102.0
896,mT10-T11-4,1823,247,-102.0
897,mT10-T11-40,2572,1798,-102.0
898,mT10-T11-41,2757,1743,-102.0
899,mT10-T11-42,2719,1745,-102.0
900,mT10-T11-43,2085,1110,-102.0
901,mT10-T11-44,1699,595,-102.0
902,mT10-T11-45,1442,1733,-102.0
903,mT10-T11-46,1456,1706,-102.0
904,mT10-T11-47,1345,1621,-102.0
905,mT10-T11-48,1299,1623,-102.0
906,mT10-T11-49,1232,1455,-102.0
907,mT10-T11-5,2189,267,-102.0
908,mT10-T11-50,1213,1477,-102.0
909,mT10-T11-51,1158,1346,-102.0
910,mT10-T11-52,1184,1344,-102.0
911,mT10-T11-53,1137,1162,-102.0
912,mT10-T11-54,1167,1165,-102.0
913,mT10-T11-55,1166,1045,-102.0
914,mT10-T11-56,1140,1023,-102.0
915,mT10-T11-57,1199,820,-102.0
916,mT10-T11-58,1181,777,-102.0
917,mT10-T11-59,1297,601,-102.0
918,mT10-T11-6,2044,1793,-102.0
919,mT10-T11-60,1300,649,-102.0
920,mT10-T11-61,1519,467,-102.0
921,mT10-T11-62,1524,427,-102.0
922,mT10-T11-63,1673,448,-102.0
923,mT10-T11-64,1661,496,-102.0
924,mT10-T11-65,2462,468,-102.0
925,mT10-T11-66,2466,438,-102.0
926,mT10-T11-67,2647,444,-102.0
927,mT10-T11-68,2635,476,-102.0
928,mT10-T11-69,2832,670,-102.0
929,mT10-T11-7,2172,1791,-102.0
930,mT10-T11-70,2857,648,-102.0
931,mT10-T11-71,2965,829,-102.0
932,mT10-T11-72,2928,840,-102.0
933,mT10-T11-73,2974,1051,-102.0
934,mT10-T11-74,3005,1071,-102.0
935,mT10-T11-75,2998,1194,-102.0
936,mT10-T11-76,2966,1165,-102.0
937,mT10-T11-77,2976,1351,-102.0
938,mT10-T11-78,3008,1364,-102.0
939,mT10-T11-79,2949,1478,-102.0
940,mT10-T11-8,2089,898,-102.0
941,mT10-T11-80,2916,1464,-102.0
942,mT10-T11-81,2834,1601,-102.0
943,mT10-T11-82,2853,1621,-102.0
944,mT10-T11-83,2285,1759,-102.0
945,mT10-T11-84,1943,306,-102.0
946,mT10-T11-85,2143,305,-102.0
947,mT10-T11-86,1494,412,-102.0
948,mT10-T11-87,2593,415,-102.0
949,mT10-T11-88,2582,381,-102.0
950,mT10-T11-89,2286,259,-102.0
951,mT10-T11-9,2145,868,-102.0
952,mT10-T11-90,1809,266,-102.0
953,mT10-T11-91,1052,1270,-102.0
954,mT10-T11-92,1224,632,-102.0
955,mT10-T11-93,1336,525,-102.0
956,mT10-T11-95,2902,614,-102.0
957,mT10-T11-96,3073,1129,-102.0
958,mT10-T11-97,2825,609,-102.0
959,mT10-T11-98,1893,695,-102.0
960,mT10-T11-99,1698,499,-102.0
961,mT10_H-1,2031,553,-89.0
962,mT10_H-10,2100,888,-89.0
963,mT10_H-100,2162,1135,-89.0
964,mT10_H-101,1985,928,-89.0
965,mT10_H-102,1966,892,-89.0
966,mT10_H-103,1906,718,-89.0
967,mT10_H-104,1351,611,-89.0
968,mT10_H-105,1258,783,-89.0
969,mT10_H-106,2673,1593,-89.0
970,mT10_H-107,2895,1438,-89.0
971,mT10_H-108,2677,1724,-89.0
972,mT10_H-109,2549,1611,-89.0
973,mT10_H-11,2131,860,-89.0
974,mT10_H-110,2270,1696,-89.0
975,mT10_H-111,1400,682,-89.0
976,mT10_H-112,1744,706,-89.0
977,mT10_H-113,2021,511,-89.0
978,mT10_H-114,2078,503,-89.0
979,mT10_H-115,2392,1786,-89.0
980,mT10_H-116,1297,1534,-89.0
981,mT10_H-117,1476,1650,-89.0
982,mT10_H-118,1677,1733,-89.0
983,mT10_H-119,1613,1717,-89.0
984,mT10_H-12,2261,546,-89.0
985,mT10_H-13,2303,484,-89.0
986,mT10_H-14,2232,462,-89.0
987,mT10_H-15,2101,546,-89.0
988,mT10_H-16,2050,390,-89.0
989,mT10_H-17,2101,1856,-89.0
990,mT10_H-18,1023,1132,-89.0
991,mT10_H-19,1281,566,-89.0
992,mT10_H-2,1961,531,-89.0
993,mT10_H-20,1454,466,-89.0
994,mT10_H-21,1495,415,-89.0
995,mT10_H-22,1771,276,-89.0
996,mT10_H-23,1748,266,-89.0
997,mT10_H-24,2268,275,-89.0
998,mT10_H-25,2334,273,-89.0
999,mT10_H-26,2606,413,-89.0
1000,mT10_H-27,2756,509,-89.0
1001,mT10_H-28,3066,1126,-89.0
1002,mT10_H-29,2332,528,-89.0
1003,mT10_H-3,1847,467,-89.0
1004,mT10_H-30,2427,496,-89.0
1005,mT10_H-31,2480,466,-89.0
1006,mT10_H-32,2343,478,-89.0
1007,mT10_H-33,1701,496,-89.0
1008,mT10_H-34,1892,667,-89.0
1009,mT10_H-35,1477,493,-89.0
1010,mT10_H-36,1409,567,-89.0
1011,mT10_H-37,1294,654,-89.0
1012,mT10_H-38,1270,633,-89.0
1013,mT10_H-39,1167,880,-89.0
1014,mT10_H-4,1832,500,-89.0
1015,mT10_H-40,1205,919,-89.0
1016,mT10_H-41,1186,1052,-89.0
1017,mT10_H-42,1155,1043,-89.0
1018,mT10_H-43,1150,1215,-89.0
1019,mT10_H-44,1184,1220,-89.0
1020,mT10_H-45,1216,1359,-89.0
1021,mT10_H-46,1190,1370,-89.0
1022,mT10_H-47,1215,1515,-89.0
1023,mT10_H-48,1257,1510,-89.0
1024,mT10_H-49,1312,1580,-89.0
1025,mT10_H-5,1893,587,-89.0
1026,mT10_H-50,1334,1643,-89.0
1027,mT10_H-51,1475,1687,-89.0
1028,mT10_H-52,1462,1741,-89.0
1029,mT10_H-53,1739,1821,-89.0
1030,mT10_H-54,1810,1767,-89.0
1031,mT10_H-55,1894,1863,-89.0
1032,mT10_H-56,2001,1868,-89.0
1033,mT10_H-57,2036,1775,-89.0
1034,mT10_H-58,2155,1788,-89.0
1035,mT10_H-59,2136,1827,-89.0
1036,mT10_H-6,1923,661,-89.0
1037,mT10_H-60,2035,1831,-89.0
1038,mT10_H-61,1907,1754,-89.0
1039,mT10_H-62,1287,1699,-89.0
1040,mT10_H-63,2340,1755,-89.0
1041,mT10_H-64,2325,1872,-89.0
1042,mT10_H-65,2212,1870,-89.0
1043,mT10_H-66,2757,1764,-89.0
1044,mT10_H-67,2452,1814,-89.0
1045,mT10_H-68,2451,1794,-89.0
1046,mT10_H-69,2557,1780,-89.0
1047,mT10_H-7,1941,704,-89.0
1048,mT10_H-70,2578,1799,-89.0
1049,mT10_H-71,2839,1605,-89.0
1050,mT10_H-72,2821,1660,-89.0
1051,mT10_H-73,2916,1547,-89.0
1052,mT10_H-74,2878,1532,-89.0
1053,mT10_H-75,2966,1372,-89.0
1054,mT10_H-76,2935,1350,-89.0
1055,mT10_H-77,2952,1228,-89.0
1056,mT10_H-78,2988,1219,-89.0
1057,mT10_H-79,2966,1061,-89.0
1058,mT10_H-8,1987,865,-89.0
1059,mT10_H-80,2931,1072,-89.0
1060,mT10_H-81,2915,956,-89.0
1061,mT10_H-82,2938,922,-89.0
1062,mT10_H-83,2873,673,-89.0
1063,mT10_H-84,2851,702,-89.0
1064,mT10_H-85,2715,586,-89.0
1065,mT10_H-86,2658,485,-89.0
1066,mT10_H-87,2163,301,-89.0
1067,mT10_H-88,1934,314,-89.0
1068,mT10_H-89,1132,1411,-89.0
1069,mT10_H-9,2013,889,-89.0
1070,mT10_H-90,2977,1450,-89.0
1071,mT10_H-91,2100,969,-89.0
1072,mT10_H-92,2163,982,-89.0
1073,mT10_H-93,2213,922,-89.0
1074,mT10_H-94,2838,742,-89.0
1075,mT10_H-95,2737,681,-89.0
1076,mT10_H-96,2627,633,-89.0
1077,mT10_H-97,2289,708,-89.0
1078,mT10_H-98,2009,973,-89.0
1079,mT10_H-99,2029,1008,-89.0
1080,mT10_L-1,1968,868,-95.0
1081,mT10_L-10,1726,510,-95.0
1082,mT10_L-100,1701,633,-95.0
1083,mT10_L-101,1238,1537,-95.0
1084,mT10_L-102,1364,1750,-95.0
1085,mT10_L-103,3049,1146,-95.0
1086,mT10_L-104,2193,906,-95.0
1087,mT10_L-105,1963,1865,-95.0
1088,mT10_L-106,2014,1829,-95.0
1089,mT10_L-107,1216,833,-95.0
1090,mT10_L-108,2204,792,-95.0
1091,mT10_L-11,1592,471,-95.0
1092,mT10_L-110,1256,743,-95.0
1093,mT10_L-111,2761,631,-95.0
1094,mT10_L-112,2610,525,-95.0
1095,mT10_L-12,1601,446,-95.0
1096,mT10_L-13,2417,489,-95.0
1097,mT10_L-14,2404,465,-95.0
1098,mT10_L-15,2546,421,-95.0
1099,mT10_L-16,2567,449,-95.0
1100,mT10_L-17,2204,546,-95.0
1101,mT10_L-18,1872,550,-95.0
1102,mT10_L-19,1839,468,-95.0
1103,mT10_L-2,2005,889,-95.0
1104,mT10_L-20,1786,252,-95.0
1105,mT10_L-21,2222,257,-95.0
1106,mT10_L-22,2156,300,-95.0
1107,mT10_L-23,1934,307,-95.0
1108,mT10_L-24,1892,476,-95.0
1109,mT10_L-25,2234,561,-95.0
1110,mT10_L-26,2779,569,-95.0
1111,mT10_L-27,2767,589,-95.0
1112,mT10_L-28,2895,780,-95.0
1113,mT10_L-29,2928,766,-95.0
1114,mT10_L-3,2092,884,-95.0
1115,mT10_L-30,2950,1000,-95.0
1116,mT10_L-31,2976,988,-95.0
1117,mT10_L-32,2986,1130,-95.0
1118,mT10_L-33,2949,1113,-95.0
1119,mT10_L-34,2968,1288,-95.0
1120,mT10_L-35,2996,1289,-95.0
1121,mT10_L-36,2952,1421,-95.0
1122,mT10_L-37,2935,1398,-95.0
1123,mT10_L-38,2871,1583,-95.0
1124,mT10_L-39,2843,1573,-95.0
1125,mT10_L-4,2135,866,-95.0
1126,mT10_L-40,2790,1632,-95.0
1127,mT10_L-41,2785,1704,-95.0
1128,mT10_L-42,2743,1738,-95.0
1129,mT10_L-43,2642,1829,-95.0
1130,mT10_L-44,2485,1820,-95.0
1131,mT10_L-45,2470,1774,-95.0
1132,mT10_L-46,2432,1760,-95.0
1133,mT10_L-47,2326,1764,-95.0
1134,mT10_L-48,2345,1841,-95.0
1135,mT10_L-49,2257,1876,-95.0
1136,mT10_L-5,2153,625,-95.0
1137,mT10_L-50,2196,1812,-95.0
1138,mT10_L-51,1971,1770,-95.0
1139,mT10_L-52,1912,1788,-95.0
1140,mT10_L-53,1888,1848,-95.0
1141,mT10_L-54,1801,1839,-95.0
1142,mT10_L-55,1849,1765,-95.0
1143,mT10_L-56,1335,593,-95.0
1144,mT10_L-57,1337,561,-95.0
1145,mT10_L-58,1210,724,-95.0
1146,mT10_L-59,1252,716,-95.0
1147,mT10_L-6,1939,635,-95.0
1148,mT10_L-60,1148,958,-95.0
1149,mT10_L-61,1184,981,-95.0
1150,mT10_L-62,1176,1103,-95.0
1151,mT10_L-63,1137,1092,-95.0
1152,mT10_L-64,1150,1293,-95.0
1153,mT10_L-65,1181,1293,-95.0
1154,mT10_L-66,1220,1386,-95.0
1155,mT10_L-67,1202,1429,-95.0
1156,mT10_L-68,1262,1577,-95.0
1157,mT10_L-69,1302,1577,-95.0
1158,mT10_L-7,2045,375,-95.0
1159,mT10_L-70,1381,1666,-95.0
1160,mT10_L-71,1367,1690,-95.0
1161,mT10_L-72,1626,1755,-95.0
1162,mT10_L-73,1626,1778,-95.0
1163,mT10_L-74,1717,1772,-95.0
1164,mT10_L-75,1704,1800,-95.0
1165,mT10_L-76,2056,1811,-95.0
1166,mT10_L-77,2131,1819,-95.0
1167,mT10_L-78,2316,268,-95.0
1168,mT10_L-79,2583,392,-95.0
1169,mT10_L-8,2121,1841,-95.0
1170,mT10_L-80,2623,413,-95.0
1171,mT10_L-81,2746,485,-95.0
1172,mT10_L-82,2829,548,-95.0
1173,mT10_L-83,3078,1135,-95.0
1174,mT10_L-84,1817,268,-95.0
1175,mT10_L-85,1494,408,-95.0
1176,mT10_L-86,1369,503,-95.0
1177,mT10_L-87,1240,593,-95.0
1178,mT10_L-88,1029,1157,-95.0
1179,mT10_L-9,1737,492,-95.0
1180,mT10_L-92,1364,659,-95.0
1181,mT10_L-93,2633,583,-95.0
1182,mT10_L-94,2728,608,-95.0
1183,mT10_L-95,2233,756,-95.0
1184,mT10_L-96,2129,987,-95.0
1185,mT10_L-97,2138,1131,-95.0
1186,mT10_L-98,2083,1042,-95.0
1187,mT10_L-99,1960,920,-95.0
1188,mT11-T12-1,2129,1922,-132.0
1189,mT11-T12-10,2627,1817,-132.0
1190,mT11-T12-100,2497,470,-132.0
1191,mT11-T12-101,2383,534,-132.0
1192,mT11-T12-102,1903,1808,-132.0
1193,mT11-T12-103,1882,1773,-132.0
1194,mT11-T12-104,1513,524,-132.0
1195,mT11-T12-105,1296,631,-132.0
1196,mT11-T12-106,1688,1774,-132.0
1197,mT11-T12-107,2520,522,-132.0
1198,mT11-T12-108,2297,609,-132.0
1199,mT11-T12-109,1521,1745,-132.0
1200,mT11-T12-11,2439,1858,-132.0
1201,mT11-T12-110,1115,1259,-132.0
1202,mT11-T12-111,2885,669,-132.0
1203,mT11-T12-12,2303,1872,-132.0
1204,mT11-T12-13,2033,978,-132.0
1205,mT11-T12-14,2130,1061,-132.0
1206,mT11-T12-15,2327,611,-132.0
1207,mT11-T12-16,2275,625,-132.0
1208,mT11-T12-17,2212,751,-132.0
1209,mT11-T12-18,2185,860,-132.0
1210,mT11-T12-19,2184,958,-132.0
1211,mT11-T12-2,2062,329,-132.0
1212,mT11-T12-20,2077,986,-132.0
1213,mT11-T12-21,1925,874,-132.0
1214,mT11-T12-22,1889,748,-132.0
1215,mT11-T12-23,1705,537,-132.0
1216,mT11-T12-24,1540,523,-132.0
1217,mT11-T12-25,1076,1276,-132.0
1218,mT11-T12-26,1153,1372,-132.0
1219,mT11-T12-27,1238,1569,-132.0
1220,mT11-T12-28,1333,1676,-132.0
1221,mT11-T12-29,3065,1354,-132.0
1222,mT11-T12-3,1510,1844,-132.0
1223,mT11-T12-30,3018,1369,-132.0
1224,mT11-T12-31,2945,1527,-132.0
1225,mT11-T12-32,2871,1635,-132.0
1226,mT11-T12-33,2781,1746,-132.0
1227,mT11-T12-34,1053,1175,-132.0
1228,mT11-T12-35,1918,293,-132.0
1229,mT11-T12-36,1528,397,-132.0
1230,mT11-T12-37,1412,491,-132.0
1231,mT11-T12-38,1313,558,-132.0
1232,mT11-T12-39,1220,619,-132.0
1233,mT11-T12-4,1459,1773,-132.0
1234,mT11-T12-40,1094,891,-132.0
1235,mT11-T12-41,1077,1137,-132.0
1236,mT11-T12-42,2281,273,-132.0
1237,mT11-T12-43,3091,1145,-132.0
1238,mT11-T12-44,3069,1085,-132.0
1239,mT11-T12-45,3053,1022,-132.0
1240,mT11-T12-46,3010,855,-132.0
1241,mT11-T12-47,2953,698,-132.0
1242,mT11-T12-48,2700,452,-132.0
1243,mT11-T12-49,2538,352,-132.0
1244,mT11-T12-5,1571,1801,-132.0
1245,mT11-T12-50,2087,927,-132.0
1246,mT11-T12-51,2133,910,-132.0
1247,mT11-T12-52,2132,665,-132.0
1248,mT11-T12-53,1963,671,-132.0
1249,mT11-T12-54,1923,584,-132.0
1250,mT11-T12-55,2190,606,-132.0
1251,mT11-T12-56,2059,469,-132.0
1252,mT11-T12-57,2134,345,-132.0
1253,mT11-T12-58,2195,562,-132.0
1254,mT11-T12-59,1935,552,-132.0
1255,mT11-T12-6,1850,1846,-132.0
1256,mT11-T12-60,1973,334,-132.0
1257,mT11-T12-61,1744,542,-132.0
1258,mT11-T12-62,1730,495,-132.0
1259,mT11-T12-63,1643,493,-132.0
1260,mT11-T12-64,1446,507,-132.0
1261,mT11-T12-65,1385,565,-132.0
1262,mT11-T12-66,1264,646,-132.0
1263,mT11-T12-67,1133,915,-132.0
1264,mT11-T12-68,1161,900,-132.0
1265,mT11-T12-69,1144,1041,-132.0
1266,mT11-T12-7,1978,1869,-132.0
1267,mT11-T12-70,1126,1078,-132.0
1268,mT11-T12-71,1146,1266,-132.0
1269,mT11-T12-72,1163,1346,-132.0
1270,mT11-T12-73,1106,1306,-132.0
1271,mT11-T12-74,1265,1560,-132.0
1272,mT11-T12-75,1320,1618,-132.0
1273,mT11-T12-76,1587,1763,-132.0
1274,mT11-T12-77,1846,1819,-132.0
1275,mT11-T12-78,2026,1871,-132.0
1276,mT11-T12-79,2111,1892,-132.0
1277,mT11-T12-8,2672,1865,-132.0
1278,mT11-T12-80,2103,1875,-132.0
1279,mT11-T12-81,2152,1896,-132.0
1280,mT11-T12-82,2194,1873,-132.0
1281,mT11-T12-83,2676,1762,-132.0
1282,mT11-T12-84,2622,1733,-132.0
1283,mT11-T12-85,2440,1825,-132.0
1284,mT11-T12-86,2854,1602,-132.0
1285,mT11-T12-87,2907,1527,-132.0
1286,mT11-T12-88,2984,1356,-132.0
1287,mT11-T12-89,3001,1272,-132.0
1288,mT11-T12-9,2752,1772,-132.0
1289,mT11-T12-90,3032,1279,-132.0
1290,mT11-T12-91,3037,1071,-132.0
1291,mT11-T12-92,2996,1057,-132.0
1292,mT11-T12-93,2987,932,-132.0
1293,mT11-T12-94,3014,930,-132.0
1294,mT11-T12-95,2886,625,-132.0
1295,mT11-T12-96,2784,538,-132.0
1296,mT11-T12-97,2741,523,-132.0
1297,mT11-T12-98,2860,648,-132.0
1298,mT11-T12-99,2490,499,-132.0
1299,mT11_H-1,2112,1866,-117.0
1300,mT11_H-10,2016,391,-117.0
1301,mT11_H-11,2089,391,-117.0
1302,mT11_H-12,2285,520,-117.0
1303,mT11_H-13,2233,576,-117.0
1304,mT11_H-14,2194,672,-117.0
1305,mT11_H-15,2168,840,-117.0
1306,mT11_H-16,2326,258,-117.0
1307,mT11_H-17,2601,409,-117.0
1308,mT11_H-19,3008,811,-117.0
1309,mT11_H-2,2054,399,-117.0
1310,mT11_H-20,3094,1162,-117.0
1311,mT11_H-21,1873,267,-117.0
1312,mT11_H-22,1511,413,-117.0
1313,mT11_H-23,1386,501,-117.0
1314,mT11_H-24,1148,734,-117.0
1315,mT11_H-25,1044,1174,-117.0
1316,mT11_H-27,1401,1718,-117.0
1317,mT11_H-28,1949,1830,-117.0
1318,mT11_H-29,2090,1833,-117.0
1319,mT11_H-3,2051,295,-117.0
1320,mT11_H-30,2138,1844,-117.0
1321,mT11_H-31,2318,1846,-117.0
1322,mT11_H-32,1588,1849,-117.0
1323,mT11_H-33,2664,1846,-117.0
1324,mT11_H-34,2750,1753,-117.0
1325,mT11_H-35,2763,1690,-117.0
1326,mT11_H-36,1453,1770,-117.0
1327,mT11_H-37,1240,1575,-117.0
1328,mT11_H-38,1266,1567,-117.0
1329,mT11_H-39,1259,1522,-117.0
1330,mT11_H-4,2120,885,-117.0
1331,mT11_H-40,1221,1464,-117.0
1332,mT11_H-41,1186,1477,-117.0
1333,mT11_H-42,1139,1270,-117.0
1334,mT11_H-43,1162,1262,-117.0
1335,mT11_H-44,1143,1140,-117.0
1336,mT11_H-45,1112,1149,-117.0
1337,mT11_H-46,1160,950,-117.0
1338,mT11_H-47,1129,920,-117.0
1339,mT11_H-48,1206,822,-117.0
1340,mT11_H-49,1201,744,-117.0
1341,mT11_H-5,2087,903,-117.0
1342,mT11_H-50,1391,531,-117.0
1343,mT11_H-51,1587,466,-117.0
1344,mT11_H-52,1758,527,-117.0
1345,mT11_H-53,2566,472,-117.0
1346,mT11_H-54,2781,564,-117.0
1347,mT11_H-55,2965,805,-117.0
1348,mT11_H-56,2937,830,-117.0
1349,mT11_H-57,2979,971,-117.0
1350,mT11_H-58,3010,970,-117.0
1351,mT11_H-59,3035,1181,-117.0
1352,mT11_H-6,1976,883,-117.0
1353,mT11_H-60,3003,1172,-117.0
1354,mT11_H-61,2981,1277,-117.0
1355,mT11_H-62,3012,1289,-117.0
1356,mT11_H-63,2950,1447,-117.0
1357,mT11_H-64,2977,1466,-117.0
1358,mT11_H-65,2905,1568,-117.0
1359,mT11_H-66,2891,1531,-117.0
1360,mT11_H-67,2195,1804,-117.0
1361,mT11_H-68,2027,1809,-117.0
1362,mT11_H-69,2102,987,-117.0
1363,mT11_H-7,1882,673,-117.0
1364,mT11_H-70,2091,1017,-117.0
1365,mT11_H-71,2109,1046,-117.0
1366,mT11_H-72,1556,539,-117.0
1367,mT11_H-73,1828,601,-117.0
1368,mT11_H-74,2499,530,-117.0
1369,mT11_H-75,2594,511,-117.0
1370,mT11_H-76,2028,565,-117.0
1371,mT11_H-77,2092,560,-117.0
1372,mT11_H-78,2597,445,-117.0
1373,mT11_H-79,2783,527,-117.0
1374,mT11_H-8,1891,575,-117.0
1375,mT11_H-80,2186,930,-117.0
1376,mT11_H-81,1429,1680,-117.0
1377,mT11_H-82,1917,1797,-117.0
1378,mT11_H-83,2336,1816,-117.0
1379,mT11_H-84,2537,1761,-117.0
1380,mT11_H-85,2059,500,-117.0
1381,mT11_H-86,2302,569,-117.0
1382,mT11_H-87,2382,517,-117.0
1383,mT11_H-88,1867,601,-117.0
1384,mT11_H-89,1959,319,-117.0
1385,mT11_H-9,1831,527,-117.0
1386,mT11_H-90,2145,319,-117.0
1387,mT11_H-91,3072,1075,-117.0
1388,mT11_L-1,2115,1896,-127.0
1389,mT11_L-10,2157,1872,-127.0
1390,mT11_L-11,2214,1859,-127.0
1391,mT11_L-12,2299,1864,-127.0
1392,mT11_L-13,2411,1867,-127.0
1393,mT11_L-14,2643,1792,-127.0
1394,mT11_L-15,2755,1764,-127.0
1395,mT11_L-16,1463,1823,-127.0
1396,mT11_L-17,1076,1193,-127.0
1397,mT11_L-18,1098,1242,-127.0
1398,mT11_L-19,1147,1340,-127.0
1399,mT11_L-2,2055,415,-127.0
1400,mT11_L-20,1224,1548,-127.0
1401,mT11_L-21,1306,1649,-127.0
1402,mT11_L-22,2660,1863,-127.0
1403,mT11_L-23,3072,1215,-127.0
1404,mT11_L-24,3031,1258,-127.0
1405,mT11_L-25,3007,1350,-127.0
1406,mT11_L-26,2950,1513,-127.0
1407,mT11_L-27,2866,1624,-127.0
1408,mT11_L-28,1051,1186,-127.0
1409,mT11_L-29,1892,278,-127.0
1410,mT11_L-3,2055,280,-127.0
1411,mT11_L-30,1531,403,-127.0
1412,mT11_L-31,1442,471,-127.0
1413,mT11_L-32,1321,549,-127.0
1414,mT11_L-33,1117,838,-127.0
1415,mT11_L-34,1074,1104,-127.0
1416,mT11_L-35,3083,1159,-127.0
1417,mT11_L-36,2296,267,-127.0
1418,mT11_L-37,2683,466,-127.0
1419,mT11_L-38,2984,758,-127.0
1420,mT11_L-39,3003,906,-127.0
1421,mT11_L-4,1464,1773,-127.0
1422,mT11_L-40,3043,948,-127.0
1423,mT11_L-41,3063,1083,-127.0
1424,mT11_L-42,1893,736,-127.0
1425,mT11_L-43,2072,932,-127.0
1426,mT11_L-44,2128,913,-127.0
1427,mT11_L-45,2190,863,-127.0
1428,mT11_L-46,2216,737,-127.0
1429,mT11_L-47,2192,644,-127.0
1430,mT11_L-48,1938,677,-127.0
1431,mT11_L-49,1914,593,-127.0
1432,mT11_L-5,1524,1788,-127.0
1433,mT11_L-50,2167,607,-127.0
1434,mT11_L-51,2051,998,-127.0
1435,mT11_L-52,2125,1060,-127.0
1436,mT11_L-53,2511,525,-127.0
1437,mT11_L-54,2592,509,-127.0
1438,mT11_L-55,2448,504,-127.0
1439,mT11_L-56,2350,564,-127.0
1440,mT11_L-57,1547,523,-127.0
1441,mT11_L-58,1695,530,-127.0
1442,mT11_L-59,1742,548,-127.0
1443,mT11_L-6,1877,1850,-127.0
1444,mT11_L-60,1826,597,-127.0
1445,mT11_L-61,1853,629,-127.0
1446,mT11_L-62,1882,691,-127.0
1447,mT11_L-63,2343,540,-127.0
1448,mT11_L-64,2708,501,-127.0
1449,mT11_L-65,2846,626,-127.0
1450,mT11_L-66,2848,599,-127.0
1451,mT11_L-67,2745,511,-127.0
1452,mT11_L-68,2971,892,-127.0
1453,mT11_L-69,2987,1028,-127.0
1454,mT11_L-7,1996,1851,-127.0
1455,mT11_L-70,3024,1033,-127.0
1456,mT11_L-71,3005,1240,-127.0
1457,mT11_L-72,2986,1322,-127.0
1458,mT11_L-73,2920,1502,-127.0
1459,mT11_L-74,2874,1569,-127.0
1460,mT11_L-75,2655,1724,-127.0
1461,mT11_L-76,2384,1829,-127.0
1462,mT11_L-77,1881,1812,-127.0
1463,mT11_L-78,1536,1741,-127.0
1464,mT11_L-79,1303,1602,-127.0
1465,mT11_L-8,2040,1855,-127.0
1466,mT11_L-80,1252,1530,-127.0
1467,mT11_L-81,1159,1317,-127.0
1468,mT11_L-82,1134,1227,-127.0
1469,mT11_L-83,1145,1033,-127.0
1470,mT11_L-84,1111,1025,-127.0
1471,mT11_L-85,1146,885,-127.0
1472,mT11_L-86,1176,904,-127.0
1473,mT11_L-87,1306,603,-127.0
1474,mT11_L-88,1481,490,-127.0
1475,mT11_L-89,2052,478,-127.0
1476,mT11_L-9,2102,1873,-127.0
1477,mT11_L-90,2182,934,-127.0
1478,mT11_L-91,2075,985,-127.0
1479,mT11_L-92,1765,508,-127.0
1480,mT11_L-93,1689,499,-127.0
1481,mT11_L-94,2718,469,-127.0
1482,mT11_L-95,1963,332,-127.0
1483,mT11_L-96,2105,365,-127.0
1484,mT11_L-97,109,3560,192.69965727295929
1485,mT12-L1-1,2134,1971,-164.0
1486,mT12-L1-10,1635,1921,-164.0
1487,mT12-L1-11,1644,1887,-164.0
1488,mT12-L1-12,1591,1865,-164.0
1489,mT12-L1-13,1562,1859,-164.0
1490,mT12-L1-14,1345,1711,-164.0
1491,mT12-L1-15,1380,1683,-164.0
1492,mT12-L1-16,1575,1832,-164.0
1493,mT12-L1-17,2627,1901,-164.0
1494,mT12-L1-18,2692,1871,-164.0
1495,mT12-L1-19,2728,1848,-164.0
1496,mT12-L1-2,2075,456,-164.0
1497,mT12-L1-20,2861,1716,-164.0
1498,mT12-L1-21,2735,1778,-164.0
1499,mT12-L1-22,2752,1716,-164.0
1500,mT12-L1-23,2956,1547,-164.0
1501,mT12-L1-24,2927,1520,-164.0
1502,mT12-L1-25,2971,1445,-164.0
1503,mT12-L1-26,3008,1472,-164.0
1504,mT12-L1-27,3048,1258,-164.0
1505,mT12-L1-28,3006,1274,-164.0
1506,mT12-L1-29,3013,1184,-164.0
1507,mT12-L1-3,2072,349,-164.0
1508,mT12-L1-30,3043,1190,-164.0
1509,mT12-L1-31,3013,857,-164.0
1510,mT12-L1-32,2986,860,-164.0
1511,mT12-L1-33,2922,745,-164.0
1512,mT12-L1-34,2943,729,-164.0
1513,mT12-L1-35,2777,556,-164.0
1514,mT12-L1-36,2745,567,-164.0
1515,mT12-L1-37,2612,517,-164.0
1516,mT12-L1-38,2624,472,-164.0
1517,mT12-L1-39,1896,784,-164.0
1518,mT12-L1-4,1911,1903,-164.0
1519,mT12-L1-40,2029,990,-164.0
1520,mT12-L1-41,2148,967,-164.0
1521,mT12-L1-42,2225,780,-164.0
1522,mT12-L1-43,2292,648,-164.0
1523,mT12-L1-44,2382,599,-164.0
1524,mT12-L1-45,2350,586,-164.0
1525,mT12-L1-46,2300,605,-164.0
1526,mT12-L1-47,1951,628,-164.0
1527,mT12-L1-48,2174,642,-164.0
1528,mT12-L1-49,1848,612,-164.0
1529,mT12-L1-5,2357,1905,-164.0
1530,mT12-L1-50,1832,632,-164.0
1531,mT12-L1-51,1766,588,-164.0
1532,mT12-L1-52,1805,564,-164.0
1533,mT12-L1-53,1569,506,-164.0
1534,mT12-L1-54,1531,466,-164.0
1535,mT12-L1-55,1435,502,-164.0
1536,mT12-L1-56,1420,553,-164.0
1537,mT12-L1-57,1176,764,-164.0
1538,mT12-L1-58,1224,753,-164.0
1539,mT12-L1-59,1175,860,-164.0
1540,mT12-L1-6,2679,1814,-164.0
1541,mT12-L1-60,1130,872,-164.0
1542,mT12-L1-61,1121,1192,-164.0
1543,mT12-L1-62,1164,1200,-164.0
1544,mT12-L1-63,1167,1285,-164.0
1545,mT12-L1-64,1135,1280,-164.0
1546,mT12-L1-65,1162,1448,-164.0
1547,mT12-L1-66,1205,1447,-164.0
1548,mT12-L1-67,1249,1526,-164.0
1549,mT12-L1-68,1216,1545,-164.0
1550,mT12-L1-69,3097,1047,-164.0
1551,mT12-L1-7,2549,1876,-164.0
1552,mT12-L1-70,3036,921,-164.0
1553,mT12-L1-71,2322,288,-164.0
1554,mT12-L1-72,2580,401,-164.0
1555,mT12-L1-73,2823,547,-164.0
1556,mT12-L1-74,2902,650,-164.0
1557,mT12-L1-75,2567,551,-164.0
1558,mT12-L1-76,2483,566,-164.0
1559,mT12-L1-77,1626,534,-164.0
1560,mT12-L1-78,1846,276,-164.0
1561,mT12-L1-79,1254,607,-164.0
1562,mT12-L1-8,1614,1833,-164.0
1563,mT12-L1-80,1062,1122,-164.0
1564,mT12-L1-81,1103,913,-164.0
1565,mT12-L1-83,2010,399,-164.0
1566,mT12-L1-84,2127,412,-164.0
1567,mT12-L1-9,1698,1876,-164.0
1568,mT12_H-1,2129,1966,-153.0
1569,mT12_H-10,1339,1634,-153.0
1570,mT12_H-11,1300,1673,-153.0
1571,mT12_H-12,1644,525,-153.0
1572,mT12_H-13,1813,615,-153.0
1573,mT12_H-14,1881,689,-153.0
1574,mT12_H-15,1923,654,-153.0
1575,mT12_H-16,1851,596,-153.0
1576,mT12_H-17,2078,967,-153.0
1577,mT12_H-18,2143,941,-153.0
1578,mT12_H-19,2212,735,-153.0
1579,mT12_H-2,2064,583,-153.0
1580,mT12_H-20,2235,694,-153.0
1581,mT12_H-21,2308,620,-153.0
1582,mT12_H-22,2252,620,-153.0
1583,mT12_H-23,2192,677,-153.0
1584,mT12_H-24,2544,520,-153.0
1585,mT12_H-25,2517,492,-153.0
1586,mT12_H-26,2720,1865,-153.0
1587,mT12_H-27,2748,1813,-153.0
1588,mT12_H-28,2648,1843,-153.0
1589,mT12_H-29,2593,1856,-153.0
1590,mT12_H-3,2073,323,-153.0
1591,mT12_H-30,2521,1868,-153.0
1592,mT12_H-31,2341,1903,-153.0
1593,mT12_H-32,1965,1909,-153.0
1594,mT12_H-33,1919,723,-153.0
1595,mT12_H-34,1916,536,-153.0
1596,mT12_H-35,2011,387,-153.0
1597,mT12_H-36,2133,399,-153.0
1598,mT12_H-37,2201,529,-153.0
1599,mT12_H-38,2596,403,-153.0
1600,mT12_H-39,2365,288,-153.0
1601,mT12_H-4,1515,1879,-153.0
1602,mT12_H-40,1520,428,-153.0
1603,mT12_H-41,1539,460,-153.0
1604,mT12_H-42,1869,281,-153.0
1605,mT12_H-43,3087,1082,-153.0
1606,mT12_H-44,3055,987,-153.0
1607,mT12_H-45,1095,1192,-153.0
1608,mT12_H-46,1094,1149,-153.0
1609,mT12_H-47,1192,1486,-153.0
1610,mT12_H-48,1217,1472,-153.0
1611,mT12_H-49,1175,1393,-153.0
1612,mT12_H-5,1460,1808,-153.0
1613,mT12_H-50,1141,1399,-153.0
1614,mT12_H-51,1126,1222,-153.0
1615,mT12_H-52,1135,1098,-153.0
1616,mT12_H-53,1111,1104,-153.0
1617,mT12_H-54,1203,792,-153.0
1618,mT12_H-55,1165,800,-153.0
1619,mT12_H-56,1278,664,-153.0
1620,mT12_H-57,1255,645,-153.0
1621,mT12_H-59,1501,480,-153.0
1622,mT12_H-6,1690,1882,-153.0
1623,mT12_H-60,1614,487,-153.0
1624,mT12_H-61,1590,512,-153.0
1625,mT12_H-62,2674,518,-153.0
1626,mT12_H-63,2651,479,-153.0
1627,mT12_H-64,2867,667,-153.0
1628,mT12_H-65,2897,650,-153.0
1629,mT12_H-66,2941,778,-153.0
1630,mT12_H-67,2976,767,-153.0
1631,mT12_H-68,3011,1117,-153.0
1632,mT12_H-69,3051,1120,-153.0
1633,mT12_H-7,1699,1849,-153.0
1634,mT12_H-70,3046,1212,-153.0
1635,mT12_H-71,3016,1212,-153.0
1636,mT12_H-72,3021,1396,-153.0
1637,mT12_H-73,2992,1388,-153.0
1638,mT12_H-74,2981,1483,-153.0
1639,mT12_H-75,2956,1459,-153.0
1640,mT12_H-76,2899,1653,-153.0
1641,mT12_H-77,2876,1605,-153.0
1642,mT12_H-78,2689,1781,-153.0
1643,mT12_H-79,1303,577,-153.0
1644,mT12_H-8,1610,1795,-153.0
1645,mT12_H-80,2710,450,-153.0
1646,mT12_H-81,2102,1021,-153.0
1647,mT12_H-82,2135,1076,-153.0
1648,mT12_H-83,1141,1192,-153.0
1649,mT12_H-84,1805,1873,-153.0
1650,mT12_H-85,2621,1829,-153.0
1651,mT12_H-86,2016,623,-153.0
1652,mT12_H-87,2102,615,-153.0
1653,mT12_H-88,1494,507,-153.0
1654,mT12_H-9,1679,1792,-153.0
1655,mT12_L-1,2134,1970,-161.0
1656,mT12_L-10,2649,1848,-161.0
1657,mT12_L-11,2551,1875,-161.0
1658,mT12_L-12,2372,1904,-161.0
1659,mT12_L-13,1069,1135,-161.0
1660,mT12_L-14,1146,831,-161.0
1661,mT12_L-15,1153,856,-161.0
1662,mT12_L-16,1119,1166,-161.0
1663,mT12_L-17,1133,1264,-161.0
1664,mT12_L-18,1161,1455,-161.0
1665,mT12_L-19,1214,1538,-161.0
1666,mT12_L-2,2070,448,-161.0
1667,mT12_L-20,1303,1670,-161.0
1668,mT12_L-21,1372,1752,-161.0
1669,mT12_L-22,3093,1064,-161.0
1670,mT12_L-23,3009,838,-161.0
1671,mT12_L-24,2997,859,-161.0
1672,mT12_L-25,3039,1169,-161.0
1673,mT12_L-26,3034,1254,-161.0
1674,mT12_L-27,3007,1430,-161.0
1675,mT12_L-28,2957,1526,-161.0
1676,mT12_L-29,2867,1696,-161.0
1677,mT12_L-3,2069,332,-161.0
1678,mT12_L-30,2784,1787,-161.0
1679,mT12_L-31,1896,289,-161.0
1680,mT12_L-32,1553,388,-161.0
1681,mT12_L-33,1440,476,-161.0
1682,mT12_L-34,1257,611,-161.0
1683,mT12_L-35,1224,705,-161.0
1684,mT12_L-36,1159,794,-161.0
1685,mT12_L-37,2316,286,-161.0
1686,mT12_L-38,2569,385,-161.0
1687,mT12_L-39,2841,568,-161.0
1688,mT12_L-4,1512,1876,-161.0
1689,mT12_L-40,2927,705,-161.0
1690,mT12_L-41,2090,987,-161.0
1691,mT12_L-42,2127,971,-161.0
1692,mT12_L-43,2147,1072,-161.0
1693,mT12_L-44,2172,939,-161.0
1694,mT12_L-45,1983,978,-161.0
1695,mT12_L-46,1626,527,-161.0
1696,mT12_L-47,1774,607,-161.0
1697,mT12_L-48,1832,633,-161.0
1698,mT12_L-49,1863,636,-161.0
1699,mT12_L-5,1507,1840,-161.0
1700,mT12_L-50,1824,579,-161.0
1701,mT12_L-51,1848,683,-161.0
1702,mT12_L-52,1898,802,-161.0
1703,mT12_L-53,2234,768,-161.0
1704,mT12_L-54,2279,654,-161.0
1705,mT12_L-55,2348,602,-161.0
1706,mT12_L-56,2324,597,-161.0
1707,mT12_L-57,2277,617,-161.0
1708,mT12_L-59,2126,411,-161.0
1709,mT12_L-6,1713,1885,-161.0
1710,mT12_L-60,2015,405,-161.0
1711,mT12_L-61,1969,635,-161.0
1712,mT12_L-62,1983,582,-161.0
1713,mT12_L-63,2142,591,-161.0
1714,mT12_L-64,2133,648,-161.0
1715,mT12_L-65,1568,495,-161.0
1716,mT12_L-66,1542,468,-161.0
1717,mT12_L-67,1461,485,-161.0
1718,mT12_L-68,1425,537,-161.0
1719,mT12_L-69,1241,726,-161.0
1720,mT12_L-7,1916,1907,-161.0
1721,mT12_L-70,1185,835,-161.0
1722,mT12_L-71,1145,1161,-161.0
1723,mT12_L-72,1159,1250,-161.0
1724,mT12_L-73,1192,1437,-161.0
1725,mT12_L-74,1228,1509,-161.0
1726,mT12_L-75,1359,1667,-161.0
1727,mT12_L-76,2831,1662,-161.0
1728,mT12_L-77,2748,1769,-161.0
1729,mT12_L-78,2701,1810,-161.0
1730,mT12_L-79,2937,1502,-161.0
1731,mT12_L-8,2731,1857,-161.0
1732,mT12_L-80,2977,1429,-161.0
1733,mT12_L-81,3006,1249,-161.0
1734,mT12_L-82,3010,1171,-161.0
1735,mT12_L-83,2926,743,-161.0
1736,mT12_L-84,2720,509,-161.0
1737,mT12_L-85,2597,476,-161.0
1738,mT12_L-86,2586,504,-161.0
1739,mT12_L-87,2723,550,-161.0
1740,mT12_L-88,2559,535,-161.0
1741,mT12_L-89,2495,552,-161.0
1742,mT12_L-9,2740,1831,-161.0
1743,mT12_L-90,2082,1007,-161.0
1744,mT7-T8-1,2080,1744,-25.0
1745,mT7-T8-10,1971,492,-25.0
1746,mT7-T8-100,1640,483,-25.0
1747,mT7-T8-101,2249,483,-25.0
1748,mT7-T8-102,1925,798,-25.0
1749,mT7-T8-103,1144,1397,-25.0
1750,mT7-T8-104,2972,1395,-25.0
1751,mT7-T8-105,1475,506,-25.0
1752,mT7-T8-11,2070,487,-25.0
1753,mT7-T8-12,2115,634,-25.0
1754,mT7-T8-13,1938,612,-25.0
1755,mT7-T8-14,1908,659,-25.0
1756,mT7-T8-15,1996,848,-25.0
1757,mT7-T8-16,2033,850,-25.0
1758,mT7-T8-17,2070,841,-25.0
1759,mT7-T8-18,2098,812,-25.0
1760,mT7-T8-19,2139,667,-25.0
1761,mT7-T8-2,2016,350,-25.0
1762,mT7-T8-20,2179,324,-25.0
1763,mT7-T8-21,1849,321,-25.0
1764,mT7-T8-22,1507,327,-25.0
1765,mT7-T8-23,2475,312,-25.0
1766,mT7-T8-24,2351,323,-25.0
1767,mT7-T8-25,1643,322,-25.0
1768,mT7-T8-26,1406,504,-25.0
1769,mT7-T8-27,1378,601,-25.0
1770,mT7-T8-28,1313,693,-25.0
1771,mT7-T8-29,1249,710,-25.0
1772,mT7-T8-3,2018,394,-25.0
1773,mT7-T8-30,1234,890,-25.0
1774,mT7-T8-31,1196,829,-25.0
1775,mT7-T8-32,1224,964,-25.0
1776,mT7-T8-33,1167,1000,-25.0
1777,mT7-T8-34,1178,1133,-25.0
1778,mT7-T8-35,1232,1136,-25.0
1779,mT7-T8-36,1196,1224,-25.0
1780,mT7-T8-37,1240,1217,-25.0
1781,mT7-T8-38,1278,1452,-25.0
1782,mT7-T8-39,1311,1435,-25.0
1783,mT7-T8-4,2153,532,-25.0
1784,mT7-T8-40,1404,1568,-25.0
1785,mT7-T8-41,1388,1590,-25.0
1786,mT7-T8-42,1950,1720,-25.0
1787,mT7-T8-43,1963,1680,-25.0
1788,mT7-T8-44,2184,1677,-25.0
1789,mT7-T8-45,2191,1733,-25.0
1790,mT7-T8-46,1064,1405,-25.0
1791,mT7-T8-47,3001,1392,-25.0
1792,mT7-T8-48,2990,1361,-25.0
1793,mT7-T8-49,1125,1374,-25.0
1794,mT7-T8-5,2051,530,-25.0
1795,mT7-T8-50,1012,993,-25.0
1796,mT7-T8-51,3031,906,-25.0
1797,mT7-T8-52,2470,340,-25.0
1798,mT7-T8-53,1425,375,-25.0
1799,mT7-T8-54,1208,447,-25.0
1800,mT7-T8-55,2769,405,-25.0
1801,mT7-T8-56,2604,386,-25.0
1802,mT7-T8-57,1811,490,-25.0
1803,mT7-T8-58,1727,468,-25.0
1804,mT7-T8-59,1713,489,-25.0
1805,mT7-T8-6,2100,593,-25.0
1806,mT7-T8-60,1893,640,-25.0
1807,mT7-T8-61,1931,592,-25.0
1808,mT7-T8-62,2415,483,-25.0
1809,mT7-T8-63,2469,456,-25.0
1810,mT7-T8-64,2180,905,-25.0
1811,mT7-T8-65,2154,843,-25.0
1812,mT7-T8-66,1989,988,-25.0
1813,mT7-T8-67,1993,941,-25.0
1814,mT7-T8-68,2007,900,-25.0
1815,mT7-T8-69,1986,1027,-25.0
1816,mT7-T8-7,1989,527,-25.0
1817,mT7-T8-70,1779,1423,-25.0
1818,mT7-T8-71,2023,1644,-25.0
1819,mT7-T8-72,1899,1655,-25.0
1820,mT7-T8-73,1313,1525,-25.0
1821,mT7-T8-74,1350,1562,-25.0
1822,mT7-T8-75,2635,1667,-25.0
1823,mT7-T8-76,2781,1570,-25.0
1824,mT7-T8-77,2764,1543,-25.0
1825,mT7-T8-78,2644,1644,-25.0
1826,mT7-T8-79,1194,1377,-25.0
1827,mT7-T8-8,1901,544,-25.0
1828,mT7-T8-80,2939,1369,-25.0
1829,mT7-T8-81,2562,422,-25.0
1830,mT7-T8-82,2739,605,-25.0
1831,mT7-T8-83,2870,824,-25.0
1832,mT7-T8-84,2918,954,-25.0
1833,mT7-T8-85,2933,1093,-25.0
1834,mT7-T8-86,2927,1236,-25.0
1835,mT7-T8-87,2877,1367,-25.0
1836,mT7-T8-88,2289,1047,-25.0
1837,mT7-T8-89,2518,1277,-25.0
1838,mT7-T8-9,1941,575,-25.0
1839,mT7-T8-90,2198,1658,-25.0
1840,mT7-T8-91,2855,1340,-25.0
1841,mT7-T8-92,2882,1241,-25.0
1842,mT7-T8-93,2877,1012,-25.0
1843,mT7-T8-94,2904,1104,-25.0
1844,mT7-T8-95,2839,846,-25.0
1845,mT7-T8-96,2780,764,-25.0
1846,mT7-T8-97,2745,691,-25.0
1847,mT7-T8-98,2682,632,-25.0
1848,mT7-T8-99,2172,975,-25.0
1849,mT8-T9-1,2085,1794,-51.0
1850,mT8-T9-10,1014,1030,-51.0
1851,mT8-T9-11,2027,868,-51.0
1852,mT8-T9-12,2056,864,-51.0
1853,mT8-T9-13,2091,845,-51.0
1854,mT8-T9-14,2121,819,-51.0
1855,mT8-T9-15,2157,670,-51.0
1856,mT8-T9-16,2126,636,-51.0
1857,mT8-T9-17,1947,621,-51.0
1858,mT8-T9-18,1912,673,-51.0
1859,mT8-T9-19,1889,519,-51.0
1860,mT8-T9-2,2029,339,-51.0
1861,mT8-T9-20,2143,516,-51.0
1862,mT8-T9-21,2212,529,-51.0
1863,mT8-T9-22,1854,509,-51.0
1864,mT8-T9-23,1781,497,-51.0
1865,mT8-T9-24,2348,472,-51.0
1866,mT8-T9-25,2634,489,-51.0
1867,mT8-T9-26,1442,448,-51.0
1868,mT8-T9-27,1592,286,-51.0
1869,mT8-T9-28,1627,312,-51.0
1870,mT8-T9-29,1869,306,-51.0
1871,mT8-T9-3,1123,1463,-51.0
1872,mT8-T9-30,2313,299,-51.0
1873,mT8-T9-31,2367,310,-51.0
1874,mT8-T9-32,2204,300,-51.0
1875,mT8-T9-33,1103,740,-51.0
1876,mT8-T9-34,2936,672,-51.0
1877,mT8-T9-35,2637,431,-51.0
1878,mT8-T9-36,1393,444,-51.0
1879,mT8-T9-37,1752,1328,-51.0
1880,mT8-T9-38,1889,1691,-51.0
1881,mT8-T9-39,2529,1713,-51.0
1882,mT8-T9-4,1248,1535,-51.0
1883,mT8-T9-40,2210,1081,-51.0
1884,mT8-T9-41,2192,911,-51.0
1885,mT8-T9-42,2172,841,-51.0
1886,mT8-T9-43,2357,506,-51.0
1887,mT8-T9-44,1737,1103,-51.0
1888,mT8-T9-45,1996,1105,-51.0
1889,mT8-T9-46,1824,1084,-51.0
1890,mT8-T9-47,2032,1094,-51.0
1891,mT8-T9-48,2005,977,-51.0
1892,mT8-T9-49,2006,908,-51.0
1893,mT8-T9-5,2923,1561,-51.0
1894,mT8-T9-50,1943,822,-51.0
1895,mT8-T9-51,1732,497,-51.0
1896,mT8-T9-52,1470,524,-51.0
1897,mT8-T9-53,1279,1389,-51.0
1898,mT8-T9-54,1307,1480,-51.0
1899,mT8-T9-55,1317,673,-51.0
1900,mT8-T9-56,1509,1659,-51.0
1901,mT8-T9-57,1274,656,-51.0
1902,mT8-T9-58,1495,461,-51.0
1903,mT8-T9-59,1203,848,-51.0
1904,mT8-T9-6,2798,1630,-51.0
1905,mT8-T9-60,1235,877,-51.0
1906,mT8-T9-61,1173,988,-51.0
1907,mT8-T9-62,1205,1015,-51.0
1908,mT8-T9-63,1146,1132,-51.0
1909,mT8-T9-64,1184,1131,-51.0
1910,mT8-T9-65,1210,1224,-51.0
1911,mT8-T9-66,1169,1269,-51.0
1912,mT8-T9-67,1227,1387,-51.0
1913,mT8-T9-68,1300,1529,-51.0
1914,mT8-T9-69,1479,1682,-51.0
1915,mT8-T9-7,1380,1630,-51.0
1916,mT8-T9-70,2576,1762,-51.0
1917,mT8-T9-71,2793,1592,-51.0
1918,mT8-T9-72,2858,1481,-51.0
1919,mT8-T9-73,2893,1480,-51.0
1920,mT8-T9-74,2923,1340,-51.0
1921,mT8-T9-75,2903,1295,-51.0
1922,mT8-T9-76,2938,1190,-51.0
1923,mT8-T9-77,2958,1197,-51.0
1924,mT8-T9-78,2941,1049,-51.0
1925,mT8-T9-79,2895,1047,-51.0
1926,mT8-T9-8,2895,1562,-51.0
1927,mT8-T9-80,2912,904,-51.0
1928,mT8-T9-81,2887,929,-51.0
1929,mT8-T9-82,2841,759,-51.0
1930,mT8-T9-83,2818,780,-51.0
1931,mT8-T9-84,2692,592,-51.0
1932,mT8-T9-85,2564,1345,-51.0
1933,mT8-T9-86,2418,294,-51.0
1934,mT8-T9-87,1713,1289,-51.0
1935,mT8-T9-88,1729,1170,-51.0
1936,mT8-T9-9,3052,962,-51.0
1937,mT8_H-1,2083,1766,-36.0
1938,mT8_H-10,1417,419,-36.0
1939,mT8_H-100,1880,461,-36.0
1940,mT8_H-101,2403,460,-36.0
1941,mT8_H-102,2169,462,-36.0
1942,mT8_H-103,2822,1569,-36.0
1943,mT8_H-104,1991,863,-36.0
1944,mT8_H-11,1116,698,-36.0
1945,mT8_H-12,1217,416,-36.0
1946,mT8_H-13,1656,319,-36.0
1947,mT8_H-14,1462,444,-36.0
1948,mT8_H-15,1724,440,-36.0
1949,mT8_H-16,2416,431,-36.0
1950,mT8_H-17,2584,453,-36.0
1951,mT8_H-18,2362,311,-36.0
1952,mT8_H-19,2495,355,-36.0
1953,mT8_H-2,2020,342,-36.0
1954,mT8_H-20,2638,395,-36.0
1955,mT8_H-21,2939,699,-36.0
1956,mT8_H-22,2995,1434,-36.0
1957,mT8_H-23,1096,1410,-36.0
1958,mT8_H-24,1017,1012,-36.0
1959,mT8_H-25,3040,923,-36.0
1960,mT8_H-26,1510,1649,-36.0
1961,mT8_H-27,1534,1680,-36.0
1962,mT8_H-28,1355,1577,-36.0
1963,mT8_H-29,1380,1551,-36.0
1964,mT8_H-3,2052,491,-36.0
1965,mT8_H-30,2445,1719,-36.0
1966,mT8_H-31,2439,1749,-36.0
1967,mT8_H-32,2727,1643,-36.0
1968,mT8_H-33,2703,1622,-36.0
1969,mT8_H-34,2238,1682,-36.0
1970,mT8_H-35,1880,1681,-36.0
1971,mT8_H-36,1916,1756,-36.0
1972,mT8_H-37,2030,1671,-36.0
1973,mT8_H-38,1802,1479,-36.0
1974,mT8_H-39,1757,1285,-36.0
1975,mT8_H-4,2002,490,-36.0
1976,mT8_H-40,1876,1127,-36.0
1977,mT8_H-41,1972,1088,-36.0
1978,mT8_H-42,2302,1051,-36.0
1979,mT8_H-43,2561,1304,-36.0
1980,mT8_H-44,2184,923,-36.0
1981,mT8_H-45,2160,826,-36.0
1982,mT8_H-46,2044,848,-36.0
1983,mT8_H-47,2008,846,-36.0
1984,mT8_H-48,2010,897,-36.0
1985,mT8_H-49,2256,513,-36.0
1986,mT8_H-5,2242,468,-36.0
1987,mT8_H-50,1909,650,-36.0
1988,mT8_H-51,1924,577,-36.0
1989,mT8_H-52,1890,588,-36.0
1990,mT8_H-53,1828,545,-36.0
1991,mT8_H-54,1837,522,-36.0
1992,mT8_H-55,1790,466,-36.0
1993,mT8_H-56,1755,477,-36.0
1994,mT8_H-57,1694,473,-36.0
1995,mT8_H-58,1487,483,-36.0
1996,mT8_H-59,1545,480,-36.0
1997,mT8_H-6,1800,431,-36.0
1998,mT8_H-60,1275,657,-36.0
1999,mT8_H-61,1300,718,-36.0
2000,mT8_H-62,1263,817,-36.0
2001,mT8_H-63,1202,831,-36.0
2002,mT8_H-64,1164,950,-36.0
2003,mT8_H-65,1209,999,-36.0
2004,mT8_H-66,1212,1078,-36.0
2005,mT8_H-67,1162,1120,-36.0
2006,mT8_H-68,1194,1260,-36.0
2007,mT8_H-69,1227,1229,-36.0
2008,mT8_H-7,2022,433,-36.0
2009,mT8_H-70,1277,1356,-36.0
2010,mT8_H-71,1239,1368,-36.0
2011,mT8_H-72,2838,1455,-36.0
2012,mT8_H-73,2852,1485,-36.0
2013,mT8_H-74,2918,1337,-36.0
2014,mT8_H-75,2883,1334,-36.0
2015,mT8_H-76,2902,1144,-36.0
2016,mT8_H-77,2944,1200,-36.0
2017,mT8_H-78,2958,1062,-36.0
2018,mT8_H-79,2919,1064,-36.0
2019,mT8_H-8,1539,311,-36.0
2020,mT8_H-80,2905,918,-36.0
2021,mT8_H-81,2858,909,-36.0
2022,mT8_H-82,2844,758,-36.0
2023,mT8_H-83,2829,802,-36.0
2024,mT8_H-84,2671,522,-36.0
2025,mT8_H-85,2688,564,-36.0
2026,mT8_H-86,2554,505,-36.0
2027,mT8_H-87,2118,802,-36.0
2028,mT8_H-88,2074,836,-36.0
2029,mT8_H-89,2059,523,-36.0
2030,mT8_H-9,1544,357,-36.0
2031,mT8_H-90,2006,526,-36.0
2032,mT8_H-91,2489,1748,-36.0
2033,mT8_H-92,2000,1006,-36.0
2034,mT8_H-93,2000,947,-36.0
2035,mT8_H-94,1171,1417,-36.0
2036,mT8_H-95,2891,1505,-36.0
2037,mT8_H-96,2448,307,-36.0
2038,mT8_H-97,1402,463,-36.0
2039,mT8_H-98,2205,307,-36.0
2040,mT8_H-99,1840,300,-36.0
2041,mT8_L-1,2022,349,-44.0
2042,mT8_L-10,2116,816,-44.0
2043,mT8_L-11,2167,651,-44.0
2044,mT8_L-12,2134,604,-44.0
2045,mT8_L-13,2241,516,-44.0
2046,mT8_L-14,2271,522,-44.0
2047,mT8_L-15,2166,499,-44.0
2048,mT8_L-16,2022,393,-44.0
2049,mT8_L-17,2027,444,-44.0
2050,mT8_L-18,1877,486,-44.0
2051,mT8_L-19,1917,608,-44.0
2052,mT8_L-2,2080,1786,-44.0
2053,mT8_L-20,1888,560,-44.0
2054,mT8_L-21,1883,585,-44.0
2055,mT8_L-22,1843,554,-44.0
2056,mT8_L-23,1854,535,-44.0
2057,mT8_L-24,1872,309,-44.0
2058,mT8_L-25,2198,307,-44.0
2059,mT8_L-26,1573,293,-44.0
2060,mT8_L-27,1690,308,-44.0
2061,mT8_L-28,2398,311,-44.0
2062,mT8_L-29,2428,288,-44.0
2063,mT8_L-3,1108,1439,-44.0
2064,mT8_L-30,2013,900,-44.0
2065,mT8_L-31,2186,902,-44.0
2066,mT8_L-32,2166,837,-44.0
2067,mT8_L-33,2479,1702,-44.0
2068,mT8_L-34,1933,1669,-44.0
2069,mT8_L-35,1436,1611,-44.0
2070,mT8_L-36,1415,1629,-44.0
2071,mT8_L-37,2662,1676,-44.0
2072,mT8_L-38,2671,1702,-44.0
2073,mT8_L-39,2800,1614,-44.0
2074,mT8_L-4,2960,1498,-44.0
2075,mT8_L-40,1290,1540,-44.0
2076,mT8_L-41,1266,1445,-44.0
2077,mT8_L-42,1293,1436,-44.0
2078,mT8_L-43,1238,1308,-44.0
2079,mT8_L-44,1208,1320,-44.0
2080,mT8_L-45,1211,1164,-44.0
2081,mT8_L-46,1153,1182,-44.0
2082,mT8_L-47,1147,1057,-44.0
2083,mT8_L-48,1208,1071,-44.0
2084,mT8_L-49,1223,940,-44.0
2085,mT8_L-5,3046,935,-44.0
2086,mT8_L-50,1182,916,-44.0
2087,mT8_L-51,1234,745,-44.0
2088,mT8_L-52,1262,809,-44.0
2089,mT8_L-53,1384,500,-44.0
2090,mT8_L-54,1389,556,-44.0
2091,mT8_L-55,1458,441,-44.0
2092,mT8_L-56,1405,430,-44.0
2093,mT8_L-57,2635,414,-44.0
2094,mT8_L-58,1779,1369,-44.0
2095,mT8_L-59,1825,1502,-44.0
2096,mT8_L-6,1015,1021,-44.0
2097,mT8_L-60,2571,1332,-44.0
2098,mT8_L-61,2268,1060,-44.0
2099,mT8_L-62,1990,1092,-44.0
2100,mT8_L-63,1867,1113,-44.0
2101,mT8_L-64,1669,1160,-44.0
2102,mT8_L-65,1638,1328,-44.0
2103,mT8_L-66,2928,653,-44.0
2104,mT8_L-67,1115,700,-44.0
2105,mT8_L-68,1572,484,-44.0
2106,mT8_L-69,1779,530,-44.0
2107,mT8_L-7,2047,850,-44.0
2108,mT8_L-70,2337,516,-44.0
2109,mT8_L-71,2449,483,-44.0
2110,mT8_L-72,1608,445,-44.0
2111,mT8_L-73,2536,471,-44.0
2112,mT8_L-74,2607,462,-44.0
2113,mT8_L-75,2787,654,-44.0
2114,mT8_L-76,2760,668,-44.0
2115,mT8_L-77,2872,829,-44.0
2116,mT8_L-78,2857,868,-44.0
2117,mT8_L-79,2926,979,-44.0
2118,mT8_L-8,1969,823,-44.0
2119,mT8_L-80,2885,980,-44.0
2120,mT8_L-81,2960,1139,-44.0
2121,mT8_L-82,2922,1135,-44.0
2122,mT8_L-83,2911,1245,-44.0
2123,mT8_L-84,2937,1266,-44.0
2124,mT8_L-85,2910,1420,-44.0
2125,mT8_L-86,2868,1427,-44.0
2126,mT8_L-87,2838,1564,-44.0
2127,mT8_L-88,2820,1526,-44.0
2128,mT8_L-89,1516,380,-44.0
2129,mT8_L-9,2089,838,-44.0
2130,mT8_L-90,2490,362,-44.0
2131,mT8_L-91,2017,847,-44.0
2132,mT9-L-1,2093,1827,-70.0
2133,mT9-L-10,2058,871,-70.0
2134,mT9-L-11,2094,863,-70.0
2135,mT9-L-12,2147,840,-70.0
2136,mT9-L-13,2196,862,-70.0
2137,mT9-L-14,2203,921,-70.0
2138,mT9-L-15,2144,962,-70.0
2139,mT9-L-16,2104,942,-70.0
2140,mT9-L-17,2032,1103,-70.0
2141,mT9-L-18,1771,1706,-70.0
2142,mT9-L-19,1662,1578,-70.0
2143,mT9-L-2,2045,357,-70.0
2144,mT9-L-20,2665,1453,-70.0
2145,mT9-L-21,2613,1726,-70.0
2146,mT9-L-22,2202,994,-70.0
2147,mT9-L-23,2234,1055,-70.0
2148,mT9-L-24,1686,460,-70.0
2149,mT9-L-25,1670,426,-70.0
2150,mT9-L-26,1481,439,-70.0
2151,mT9-L-27,1499,485,-70.0
2152,mT9-L-28,1283,635,-70.0
2153,mT9-L-29,1281,714,-70.0
2154,mT9-L-3,2205,517,-70.0
2155,mT9-L-30,1185,880,-70.0
2156,mT9-L-31,1221,888,-70.0
2157,mT9-L-32,1166,1032,-70.0
2158,mT9-L-33,1206,1063,-70.0
2159,mT9-L-34,1209,1180,-70.0
2160,mT9-L-35,1181,1206,-70.0
2161,mT9-L-36,1174,1319,-70.0
2162,mT9-L-37,1214,1321,-70.0
2163,mT9-L-38,1242,1396,-70.0
2164,mT9-L-39,1233,1461,-70.0
2165,mT9-L-4,1894,505,-70.0
2166,mT9-L-40,1315,1584,-70.0
2167,mT9-L-41,1356,1565,-70.0
2168,mT9-L-42,1491,1682,-70.0
2169,mT9-L-43,1449,1701,-70.0
2170,mT9-L-44,1863,1726,-70.0
2171,mT9-L-45,1833,1798,-70.0
2172,mT9-L-46,2314,1742,-70.0
2173,mT9-L-47,2406,1820,-70.0
2174,mT9-L-48,2762,1635,-70.0
2175,mT9-L-49,2787,1667,-70.0
2176,mT9-L-5,1904,548,-70.0
2177,mT9-L-50,2590,1787,-70.0
2178,mT9-L-51,2891,1492,-70.0
2179,mT9-L-52,2911,1507,-70.0
2180,mT9-L-53,2962,1371,-70.0
2181,mT9-L-54,2926,1373,-70.0
2182,mT9-L-55,2966,1215,-70.0
2183,mT9-L-56,2920,1183,-70.0
2184,mT9-L-57,2923,1094,-70.0
2185,mT9-L-58,2952,1065,-70.0
2186,mT9-L-59,2889,948,-70.0
2187,mT9-L-6,2172,578,-70.0
2188,mT9-L-60,2912,928,-70.0
2189,mT9-L-61,2863,745,-70.0
2190,mT9-L-62,2845,793,-70.0
2191,mT9-L-63,2648,512,-70.0
2192,mT9-L-64,2651,465,-70.0
2193,mT9-L-65,2456,439,-70.0
2194,mT9-L-66,2445,472,-70.0
2195,mT9-L-67,1900,308,-70.0
2196,mT9-L-68,2167,306,-70.0
2197,mT9-L-69,2366,266,-70.0
2198,mT9-L-7,2168,624,-70.0
2199,mT9-L-70,2314,285,-70.0
2200,mT9-L-71,1762,289,-70.0
2201,mT9-L-72,1667,265,-70.0
2202,mT9-L-73,1017,1066,-70.0
2203,mT9-L-74,3061,1064,-70.0
2204,mT9-L-75,2848,1685,-70.0
2205,mT9-L-76,1189,1581,-70.0
2206,mT9-L-77,1361,1654,-70.0
2207,mT9-L-78,2013,915,-70.0
2208,mT9-L-79,1908,712,-70.0
2209,mT9-L-8,1925,606,-70.0
2210,mT9-L-80,1661,489,-70.0
2211,mT9-L-81,2323,545,-70.0
2212,mT9-L-82,2427,500,-70.0
2213,mT9-L-83,2548,492,-70.0
2214,mT9-L-84,2242,1298,-70.0
2215,mT9-L-85,2504,1432,-70.0
2216,mT9-L-86,2034,1302,-70.0
2217,mT9-L-87,1870,1467,-70.0
2218,mT9-L-88,1347,495,-70.0
2219,mT9-L-89,2688,451,-70.0
2220,mT9-L-9,2018,872,-70.0
2221,mT9-L-90,1709,479,-70.0
2222,mT9-L-91,1814,542,-70.0
2223,mT9-L-92,1087,755,-70.0
2224,mT9-L-93,3022,873,-70.0
2225,mT9-T10-1,2098,1836,-77.0
2226,mT9-T10-10,2741,1684,-77.0
2227,mT9-T10-100,2186,996,-77.0
2228,mT9-T10-101,2154,966,-77.0
2229,mT9-T10-102,2096,955,-77.0
2230,mT9-T10-103,1443,728,-77.0
2231,mT9-T10-104,1652,752,-77.0
2232,mT9-T10-105,2180,1115,-77.0
2233,mT9-T10-106,2261,503,-77.0
2234,mT9-T10-107,2345,515,-77.0
2235,mT9-T10-108,2196,878,-77.0
2236,mT9-T10-109,2601,534,-77.0
2237,mT9-T10-11,2747,1705,-77.0
2238,mT9-T10-12,2232,1867,-77.0
2239,mT9-T10-13,1755,1716,-77.0
2240,mT9-T10-14,1638,1619,-77.0
2241,mT9-T10-15,1371,1538,-77.0
2242,mT9-T10-16,1399,1618,-77.0
2243,mT9-T10-17,1492,1687,-77.0
2244,mT9-T10-18,2661,1513,-77.0
2245,mT9-T10-19,2844,1412,-77.0
2246,mT9-T10-2,2052,385,-77.0
2247,mT9-T10-20,2897,1396,-77.0
2248,mT9-T10-21,3063,1113,-77.0
2249,mT9-T10-22,2875,900,-77.0
2250,mT9-T10-23,2211,964,-77.0
2251,mT9-T10-24,2264,967,-77.0
2252,mT9-T10-25,2024,1058,-77.0
2253,mT9-T10-26,2001,922,-77.0
2254,mT9-T10-27,1987,892,-77.0
2255,mT9-T10-28,1949,848,-77.0
2256,mT9-T10-29,1894,688,-77.0
2257,mT9-T10-3,1953,1862,-77.0
2258,mT9-T10-30,1404,563,-77.0
2259,mT9-T10-31,1222,954,-77.0
2260,mT9-T10-32,2539,1508,-77.0
2261,mT9-T10-33,1879,1555,-77.0
2262,mT9-T10-34,1228,1624,-77.0
2263,mT9-T10-35,1016,1097,-77.0
2264,mT9-T10-36,2826,1716,-77.0
2265,mT9-T10-37,2207,923,-77.0
2266,mT9-T10-38,2295,280,-77.0
2267,mT9-T10-39,1659,308,-77.0
2268,mT9-T10-4,1778,1811,-77.0
2269,mT9-T10-40,1705,257,-77.0
2270,mT9-T10-41,2346,257,-77.0
2271,mT9-T10-42,1917,311,-77.0
2272,mT9-T10-43,2164,310,-77.0
2273,mT9-T10-44,1916,594,-77.0
2274,mT9-T10-45,1916,531,-77.0
2275,mT9-T10-46,2173,538,-77.0
2276,mT9-T10-47,2189,590,-77.0
2277,mT9-T10-48,2098,872,-77.0
2278,mT9-T10-49,2047,885,-77.0
2279,mT9-T10-5,1841,1730,-77.0
2280,mT9-T10-50,2147,845,-77.0
2281,mT9-T10-51,2188,694,-77.0
2282,mT9-T10-52,2146,657,-77.0
2283,mT9-T10-53,1951,646,-77.0
2284,mT9-T10-54,1056,930,-77.0
2285,mT9-T10-55,1319,517,-77.0
2286,mT9-T10-56,1393,484,-77.0
2287,mT9-T10-57,1472,442,-77.0
2288,mT9-T10-58,2598,409,-77.0
2289,mT9-T10-59,2697,472,-77.0
2290,mT9-T10-6,1979,1758,-77.0
2291,mT9-T10-60,1622,447,-77.0
2292,mT9-T10-61,1374,516,-77.0
2293,mT9-T10-62,1235,729,-77.0
2294,mT9-T10-63,1244,791,-77.0
2295,mT9-T10-64,1197,960,-77.0
2296,mT9-T10-65,1174,949,-77.0
2297,mT9-T10-66,1160,1100,-77.0
2298,mT9-T10-67,1198,1120,-77.0
2299,mT9-T10-68,1215,1240,-77.0
2300,mT9-T10-69,1178,1279,-77.0
2301,mT9-T10-7,2201,1760,-77.0
2302,mT9-T10-70,1188,1406,-77.0
2303,mT9-T10-71,1223,1385,-77.0
2304,mT9-T10-72,1270,1489,-77.0
2305,mT9-T10-73,1270,1533,-77.0
2306,mT9-T10-74,1372,1652,-77.0
2307,mT9-T10-75,1533,1751,-77.0
2308,mT9-T10-76,1631,1737,-77.0
2309,mT9-T10-77,2895,1568,-77.0
2310,mT9-T10-78,2875,1549,-77.0
2311,mT9-T10-79,2914,1444,-77.0
2312,mT9-T10-8,2343,1763,-77.0
2313,mT9-T10-80,2955,1436,-77.0
2314,mT9-T10-81,2968,1277,-77.0
2315,mT9-T10-82,2923,1262,-77.0
2316,mT9-T10-83,2932,1141,-77.0
2317,mT9-T10-84,2966,1127,-77.0
2318,mT9-T10-85,2936,991,-77.0
2319,mT9-T10-86,2919,1008,-77.0
2320,mT9-T10-87,2893,814,-77.0
2321,mT9-T10-88,2764,564,-77.0
2322,mT9-T10-89,2752,590,-77.0
2323,mT9-T10-9,2628,1719,-77.0
2324,mT9-T10-90,2506,467,-77.0
2325,mT9-T10-91,2522,443,-77.0
2326,mT9-T10-92,1816,526,-77.0
2327,mT9-T10-93,2890,1619,-77.0
2328,mT9-T10-94,1265,1608,-77.0
2329,mT9-T10-95,1847,518,-77.0
2330,mT9-T10-96,2478,716,-77.0
2331,mT9-T10-97,2718,745,-77.0
2332,mT9-T10-98,2320,991,-77.0
2333,mT9-T10-99,2209,1112,-77.0
2334,mT9_H-1,2099,1813,-64.0
2335,mT9_H-10,2076,867,-64.0
2336,mT9_H-11,2096,856,-64.0
2337,mT9_H-12,2129,828,-64.0
2338,mT9_H-13,2196,917,-64.0
2339,mT9_H-14,2183,857,-64.0
2340,mT9_H-15,2014,906,-64.0
2341,mT9_H-16,2020,1107,-64.0
2342,mT9_H-17,1833,1004,-64.0
2343,mT9_H-18,1729,1507,-64.0
2344,mT9_H-19,1802,1694,-64.0
2345,mT9_H-2,2037,363,-64.0
2346,mT9_H-20,1375,1599,-64.0
2347,mT9_H-21,1321,1527,-64.0
2348,mT9_H-22,1231,1329,-64.0
2349,mT9_H-23,1217,1271,-64.0
2350,mT9_H-24,1216,1094,-64.0
2351,mT9_H-25,1218,1019,-64.0
2352,mT9_H-26,1257,811,-64.0
2353,mT9_H-27,1319,665,-64.0
2354,mT9_H-28,2216,1175,-64.0
2355,mT9_H-29,2406,500,-64.0
2356,mT9_H-3,2065,463,-64.0
2357,mT9_H-30,2518,484,-64.0
2358,mT9_H-31,2803,728,-64.0
2359,mT9_H-32,2848,856,-64.0
2360,mT9_H-33,2905,1055,-64.0
2361,mT9_H-34,2916,1146,-64.0
2362,mT9_H-35,2922,1323,-64.0
2363,mT9_H-36,2905,1388,-64.0
2364,mT9_H-37,2787,1616,-64.0
2365,mT9_H-38,2682,1697,-64.0
2366,mT9_H-39,2607,1730,-64.0
2367,mT9_H-4,2019,469,-64.0
2368,mT9_H-40,2346,1817,-64.0
2369,mT9_H-41,2309,1746,-64.0
2370,mT9_H-42,1907,1710,-64.0
2371,mT9_H-43,1881,1801,-64.0
2372,mT9_H-44,1816,289,-64.0
2373,mT9_H-45,2312,291,-64.0
2374,mT9_H-46,2382,272,-64.0
2375,mT9_H-47,1644,276,-64.0
2376,mT9_H-48,1467,424,-64.0
2377,mT9_H-49,1360,478,-64.0
2378,mT9_H-5,1824,449,-64.0
2379,mT9_H-50,1013,1045,-64.0
2380,mT9_H-51,1083,798,-64.0
2381,mT9_H-52,1160,1546,-64.0
2382,mT9_H-53,3060,1047,-64.0
2383,mT9_H-54,3012,858,-64.0
2384,mT9_H-55,2687,453,-64.0
2385,mT9_H-56,2605,420,-64.0
2386,mT9_H-57,1902,306,-64.0
2387,mT9_H-58,2167,313,-64.0
2388,mT9_H-59,1906,704,-64.0
2389,mT9_H-6,1847,534,-64.0
2390,mT9_H-60,2864,1632,-64.0
2391,mT9_H-61,2801,1654,-64.0
2392,mT9_H-62,1375,1651,-64.0
2393,mT9_H-63,1237,1574,-64.0
2394,mT9_H-64,1312,575,-64.0
2395,mT9_H-65,1211,815,-64.0
2396,mT9_H-66,1169,988,-64.0
2397,mT9_H-67,1169,1124,-64.0
2398,mT9_H-68,1163,1272,-64.0
2399,mT9_H-69,1207,1394,-64.0
2400,mT9_H-7,2248,545,-64.0
2401,mT9_H-70,1287,1556,-64.0
2402,mT9_H-71,1592,424,-64.0
2403,mT9_H-72,1750,449,-64.0
2404,mT9_H-73,1763,526,-64.0
2405,mT9_H-74,1560,459,-64.0
2406,mT9_H-75,2401,440,-64.0
2407,mT9_H-76,2586,443,-64.0
2408,mT9_H-77,2712,605,-64.0
2409,mT9_H-78,2763,624,-64.0
2410,mT9_H-79,2898,888,-64.0
2411,mT9_H-8,2253,443,-64.0
2412,mT9_H-80,2863,882,-64.0
2413,mT9_H-81,2947,1025,-64.0
2414,mT9_H-82,2962,1149,-64.0
2415,mT9_H-83,2961,1310,-64.0
2416,mT9_H-84,2922,1443,-64.0
2417,mT9_H-85,2677,1736,-64.0
2418,mT9_H-86,1858,1398,-64.0
2419,mT9_H-87,1918,1273,-64.0
2420,mT9_H-88,2521,1374,-64.0
2421,mT9_H-89,2579,1383,-64.0
2422,mT9_H-9,1928,671,-64.0
2423,mT9_H-90,2352,1068,-64.0
2424,mT9_H-91,2330,1166,-64.0
2425,mT9_H-92,2796,658,-64.0
